INSERT INTO jmdict VALUES('1012010','NULL','ぽつぽつ','0');
INSERT INTO pos VALUES('996d3f2d-fdef-475b-a574-167d25561914','&adj-na;');
INSERT INTO pos VALUES('dd12e648-419f-414b-9ef3-a4d0c8ee6761','&adv;');
INSERT INTO pos VALUES('6585a309-6f4d-40ee-b11a-26a89b49c1be','&n;');
INSERT INTO pos VALUES('8bd0910b-6b4d-44fd-886c-908ede935ac6','&vs;');
INSERT INTO gloss VALUES('9ebfb2de-db8e-4fe8-b67a-56bc8336353e','in large drops');
INSERT INTO jmdict VALUES('1012030','NULL','ぽろぽろ','0');
INSERT INTO pos VALUES('513d7fd8-3d05-4c47-8714-ded23e96fc2a','&n;');
INSERT INTO gloss VALUES('f143d28f-8685-4266-a350-329f9fb53d50','tout');
INSERT INTO gloss VALUES('e8447e77-8621-4353-8c52-df6c1eb98fd0','swindler');
INSERT INTO gloss VALUES('defd565f-9e59-4382-8dec-19b87824bac8','con-man');
INSERT INTO jmdict VALUES('1012040','ポン引き','ポンびき','0');
INSERT INTO pos VALUES('aa359c86-d2a6-4005-8c57-6dc16bf19e98','&adv;');
INSERT INTO gloss VALUES('4a009c83-f943-42aa-a61a-7f7e7f46a46e','just (e.g. "just wait here")');
INSERT INTO gloss VALUES('9e4c18e9-1f31-4748-88a5-76ac46a87a27','come now');
INSERT INTO gloss VALUES('8bbbc3db-0a3b-45d6-904e-b8db32347056','now, now');
INSERT INTO jmdict VALUES('1012050','NULL','まあ','0');
INSERT INTO pos VALUES('d03c7a5b-0d30-4b95-b2b1-bf63fdeba934','&exp;');
INSERT INTO gloss VALUES('c0c243ec-a722-42ab-8372-71d29bf891e9','well, I must admit ...');
INSERT INTO jmdict VALUES('1012060','NULL','まあね','0');
INSERT INTO pos VALUES('1b0aed8f-d719-4ed7-add7-4393c58ed65a','&adj-na;');
INSERT INTO pos VALUES('493261be-dc68-4909-8186-a420f1340df0','&adv;');
INSERT INTO pos VALUES('42de0d94-7cba-448b-a487-92411e592d42','&int;');
INSERT INTO gloss VALUES('9376ff58-b09f-4ff4-b6ca-f3d2ec116cef','so-so');
INSERT INTO gloss VALUES('0cefacee-3205-4d90-8fc8-39b9abefb9e7','passable');
INSERT INTO jmdict VALUES('1012070','NULL','まあまあ','0');
INSERT INTO pos VALUES('ff5c812b-153a-444e-b03b-a5085c6bc40a','&v1;');
INSERT INTO gloss VALUES('e66cf795-df44-4eb8-b60c-b7c02bb3058c','to tuck (e.g. sleeves)');
INSERT INTO gloss VALUES('9c59bc0a-f68a-43a9-817b-5e7933cb99a9','to roll up');
INSERT INTO jmdict VALUES('1012080','まくり上げる','まくりあげる','0');
INSERT INTO pos VALUES('4c7a31a2-5d05-465c-aeb6-923132f8925a','&v1;');
INSERT INTO gloss VALUES('9a77a1bd-36e6-41d3-a63c-7a8d3228588a','to fluster');
INSERT INTO gloss VALUES('5c909d45-2036-4f38-9fb3-e0eaf76e6a0d','to abash');
INSERT INTO gloss VALUES('6ffd405f-4614-4186-ba84-bdff77806285','to befuddle');
INSERT INTO jmdict VALUES('1012090','間誤付かせる','まごつかせる','0');
INSERT INTO pos VALUES('9040a6ab-408e-497e-9534-480bb2a9a3a4','&v5k;');
INSERT INTO pos VALUES('e16c753a-55a0-457c-86f8-271f127c9988','&vi;');
INSERT INTO gloss VALUES('38a70016-c28c-4cbe-a992-11bec6ca3181','to be confused');
INSERT INTO gloss VALUES('a64b6911-5aa1-42c6-b41e-ee7f385e25b2','to be flustered');
INSERT INTO gloss VALUES('eb175e08-7fb6-47b7-8969-107ba9402188','to be at a loss');
INSERT INTO jmdict VALUES('1012100','間誤付く','まごつく','0');
INSERT INTO pos VALUES('314773a2-05cb-4d17-b9a5-2c383370adbb','&adv;');
INSERT INTO pos VALUES('703faeee-ca04-480d-98e4-c5d5977fb3cd','&vs;');
INSERT INTO gloss VALUES('0baa9ecd-1f11-43ec-8b6b-3d253736fb8a','confused');
INSERT INTO gloss VALUES('2a0e1009-bf3f-4fb5-a6d0-0f28c03a7564','flustered');
INSERT INTO gloss VALUES('bbeeb9f7-0369-48ba-9a8e-29df0e31bef2','at a loss');
INSERT INTO jmdict VALUES('1012110','NULL','まごまご','0');
INSERT INTO pos VALUES('4d58ca22-b9de-4a04-bb39-be2ba0aa5458','&adv;');
INSERT INTO pos VALUES('60c7cd26-064d-422e-9513-e0abbf8633bc','&adv-to;');
INSERT INTO gloss VALUES('6cbbd49f-5e96-457d-9e2e-14bdf59d9beb','plainly');
INSERT INTO gloss VALUES('e4dba57b-f3cf-4d05-97d5-34958a59a91b','clearly');
INSERT INTO gloss VALUES('50560d7b-b04e-441e-a133-f0cc7a306caa','vividly');
INSERT INTO jmdict VALUES('1012130','NULL','まざまざ','0');
INSERT INTO pos VALUES('44a58c43-3dff-4828-8e6a-eb04b7fabd7b','&exp;');
INSERT INTO pos VALUES('a868809b-bdf4-4f77-a523-3533587c84d4','&v1;');
INSERT INTO gloss VALUES('92089142-4a80-4a06-a666-ad454ff9c34c','to take a long hard look at');
INSERT INTO gloss VALUES('ba295e5d-6787-40f3-a083-747decf429b4','to look (someone) full in the face');
INSERT INTO jmdict VALUES('1012140','まじまじと見る','まじまじとみる','0');
INSERT INTO pos VALUES('50cb474f-eaa9-4b15-b36f-e2e0dbae7b62','&exp;');
INSERT INTO gloss VALUES('3eed8d94-5308-4c02-8f65-36c6b6771fa8','start with the first step');
INSERT INTO gloss VALUES('39a0cb6f-fab6-43f6-8f69-f96731af64f9','when embarking on a great project, start with immediate steps');
INSERT INTO jmdict VALUES('1012150','まず隗より始めよ','まずかいよりはじめよ','0');
INSERT INTO pos VALUES('dd9fa865-d18f-4f53-9d91-8980aeb76a66','&adj-no;');
INSERT INTO pos VALUES('fa441038-8ffd-4b7c-a46a-649f4edfd978','&adj-na;');
INSERT INTO pos VALUES('1685a689-f8ac-487a-ab68-c9085c42e641','&n;');
INSERT INTO gloss VALUES('827fd9e5-0537-4635-9b12-402af16585b4','square');
INSERT INTO jmdict VALUES('1012160','まっ四角','まっしかく','0');
INSERT INTO pos VALUES('4a5a484b-7055-4ecd-9d79-dd276ac72484','&adv;');
INSERT INTO gloss VALUES('c55fa2bc-8a4b-4a45-be90-9312f7009d73','by');
INSERT INTO gloss VALUES('c41be70e-12f4-4f52-ab00-21a3e2cf204a','not later than');
INSERT INTO gloss VALUES('3685e376-17b3-4d84-9d3c-1c36a8069021','before');
INSERT INTO jmdict VALUES('1012170','迄に','までに','0');
INSERT INTO pos VALUES('c7004c53-958a-4d95-88a3-d10de46a68ad','&adj-f;');
INSERT INTO gloss VALUES('15fb1bb6-adee-454e-958f-9c799906bb1a','beyond ones control');
INSERT INTO jmdict VALUES('1012190','儘ならぬ','ままならぬ','0');
INSERT INTO pos VALUES('5ad7708d-a819-4908-ac05-26b8c2bcbc56','&adj-i;');
INSERT INTO gloss VALUES('4ebf6507-e644-490e-9ae8-572347e9ef02','unable to have ones way with');
INSERT INTO jmdict VALUES('1012200','儘ならない','ままならない','0');
INSERT INTO pos VALUES('ade66c24-bc73-4ea0-a029-f41a1713f2af','&adj-na;');
INSERT INTO pos VALUES('fcb4f2e5-cb59-425e-8b5c-35ae00676eda','&n;');
INSERT INTO gloss VALUES('819c1f99-7ae4-49c4-a0f7-836ba8baf2fa','faithful');
INSERT INTO gloss VALUES('87cfef95-675c-4a86-b24d-395b368d3dfa','devoted');
INSERT INTO gloss VALUES('58433464-0136-48d4-927a-eafcb907c546','loyal');
INSERT INTO gloss VALUES('d9ff036f-5d83-4031-b89d-6fb63b6864e0','honest');
INSERT INTO gloss VALUES('04f5b680-b42d-4e3a-9967-858d58f58cb1','true');
INSERT INTO jmdict VALUES('1012210','忠実','ちゅうじつ','0');
INSERT INTO pos VALUES('0b9f8f35-ce23-4db3-987e-69def470c133','&n;');
INSERT INTO pos VALUES('9e12604a-acb4-47c1-8e0f-747e7e0d6ac9','&adj-no;');
INSERT INTO gloss VALUES('f91513f1-316d-4ccb-964e-b9b5b9325c05','deception');
INSERT INTO gloss VALUES('f922ebde-836f-4443-9831-dd52bd8ab221','make-believe');
INSERT INTO gloss VALUES('2b3c0413-d6d7-4dba-8ee0-d8d74fd5c26b','fake');
INSERT INTO gloss VALUES('524a5654-5374-48d6-aa75-5d1fc2ddce49','counterfeit');
INSERT INTO gloss VALUES('b4c671e0-57e9-45cd-80bc-6ee529316bff','phony');
INSERT INTO jmdict VALUES('1012220','NULL','まやかし','0');
INSERT INTO pos VALUES('debc2fd6-8c6a-4d49-863d-ee68fdc61c99','&v5s;');
INSERT INTO pos VALUES('170841b6-5bec-4048-97a5-7baac840279a','&vt;');
INSERT INTO gloss VALUES('c3e8623a-02a1-4f0a-af66-477031f214cd','to cheat');
INSERT INTO gloss VALUES('e7c7ae59-d6f2-4179-87c3-5760b920b170','to swindle');
INSERT INTO gloss VALUES('b01400dc-a554-4c59-9314-5ada1b4d6e96','to deceive');
INSERT INTO jmdict VALUES('1012230','NULL','まやかす','0');
INSERT INTO pos VALUES('a2b22e33-127d-4f5a-9d63-85b3a107f2c3','&n;');
INSERT INTO gloss VALUES('5cea66d9-6433-43b6-a284-e63b3440998b','vagina');
INSERT INTO gloss VALUES('16f6d178-ce88-45a4-9a3e-e0d58941f3f5','cunt');
INSERT INTO gloss VALUES('ef7ac53e-4a37-400c-baca-46ff22a57126','pussy');
INSERT INTO jmdict VALUES('1012250','NULL','マンコ','0');
INSERT INTO pos VALUES('dac1dd44-0db7-435b-aacc-f33d7fb970d7','&adv;');
INSERT INTO gloss VALUES('c34b01e7-62d6-4a31-b9ef-74b10b696d94','successfully');
INSERT INTO gloss VALUES('628e50da-0ae1-409e-b5d9-323991a5e369','fairly');
INSERT INTO gloss VALUES('7fde5bf8-8b84-4dc7-a4ee-17e77093a874','artfully');
INSERT INTO gloss VALUES('30966cf2-3e30-4b42-bffe-4c679bf7f1d1','nicely');
INSERT INTO gloss VALUES('ebe544f3-ad88-40e1-af87-fad970aa7c12','thoroughly');
INSERT INTO jmdict VALUES('1012270','NULL','まんまと','0');
INSERT INTO pos VALUES('9deb5a04-7e04-4b77-b979-6ce40accc192','&adv;');
INSERT INTO gloss VALUES('c3d2e9a7-d1ef-4752-8b61-1d509174efd8','before ones own eyes');
INSERT INTO gloss VALUES('1f77caa3-21ca-4284-8896-d9bc6413ae21','from under ones very nose');
INSERT INTO gloss VALUES('156ff2a6-1c69-4667-a449-bb6de2b5ed65','without doing anything');
INSERT INTO gloss VALUES('e54ef4c6-e7fc-4cd7-8575-196732b34f54','without resistance');
INSERT INTO gloss VALUES('027e337f-4559-47ff-bffd-09a342f999f2','helplessly');
INSERT INTO gloss VALUES('ab28ad0a-1761-4b69-9398-fafba0e6d967','negligently');
INSERT INTO gloss VALUES('d2ecbad7-498e-4990-a232-0117882761a1','knowingly');
INSERT INTO jmdict VALUES('1012280','見す見す','みすみす','0');
INSERT INTO pos VALUES('4cb681f1-f6da-4ddf-8d16-9f667902a04a','&adv;');
INSERT INTO pos VALUES('6b4fd528-80b2-4f50-92ee-76bf4bdc00a3','&adv-to;');
INSERT INTO gloss VALUES('94695c6a-b06c-47cb-8057-b1926321ac00','sound of the cicadas');
INSERT INTO jmdict VALUES('1012290','NULL','みんみん','0');
INSERT INTO pos VALUES('5daab4d1-b013-45e0-aac5-4712f56bf29c','&n;');
INSERT INTO gloss VALUES('3a1c3c07-4018-453d-880d-5644f4d999ca','robust cicada (Oncotympana maculaticollis)');
INSERT INTO gloss VALUES('ed280f70-985b-4831-aebe-e00080e1e512','mingming cicada');
INSERT INTO jmdict VALUES('1012300','みんみん蝉','みんみんぜみ','0');
INSERT INTO pos VALUES('9f163a22-0647-451a-b308-1b74e5154abd','&n;');
INSERT INTO gloss VALUES('f83079c8-0a58-4258-b79c-329d54b73488','angel');
INSERT INTO jmdict VALUES('1012310','み使い','みつかい','0');
INSERT INTO pos VALUES('1039c079-3ed0-4ef3-8102-746f5ec18a41','&v5k;');
INSERT INTO pos VALUES('f78ddc2e-924d-4466-9c7d-d9ce224d7126','&vi;');
INSERT INTO gloss VALUES('250e3b9f-756d-4759-8833-4515d89d5672','to feel irritated');
INSERT INTO gloss VALUES('a8cbed67-5248-4133-a62f-e35e7339afdd','to feel offended');
INSERT INTO gloss VALUES('5a97cf06-37c4-4da7-bd79-0d5528da34fe','to feel angry');
INSERT INTO jmdict VALUES('1012320','NULL','むかつく','0');
INSERT INTO pos VALUES('97adff87-c72c-4a25-a4f2-c7eb3d147632','&adv-to;');
INSERT INTO pos VALUES('11c42a61-99d9-488f-a3b5-50f44e49dcfc','&adv;');
INSERT INTO pos VALUES('55bef1d4-561f-42c1-9a52-9fb681d61b8e','&vs;');
INSERT INTO gloss VALUES('ca37bb27-939e-4262-8538-30de1cc0d6ab','feeling sick');
INSERT INTO gloss VALUES('59827fcc-9a2c-44f1-b991-4403b5971775','feeling queasy');
INSERT INTO gloss VALUES('2e35759c-b244-403c-94dc-76ce8dfb749a','feeling nauseated');
INSERT INTO jmdict VALUES('1012330','NULL','ムカムカ','0');
INSERT INTO pos VALUES('e129e43b-370a-4752-bd84-1837503149fb','&exp;');
INSERT INTO pos VALUES('8d4be6ac-05e8-4e48-b8bc-58ad272a31f7','&v5r;');
INSERT INTO gloss VALUES('785f5ebc-10e3-457b-b227-5d550926acbc','to become serious');
INSERT INTO gloss VALUES('dc0d0e30-5dcb-4b74-a520-79df5a9ae1a3','to take something seriously (joke, teasing)');
INSERT INTO gloss VALUES('ee4aedc1-c862-4616-95e5-2d82c4dda3a9','to become irritated or angry (usu. at something trivial)');
INSERT INTO gloss VALUES('a5dcbc04-f823-499d-931f-aeadc66588ee','to get worked up');
INSERT INTO jmdict VALUES('1012340','向きになる','むきになる','0');
INSERT INTO pos VALUES('4040cf8e-9666-4af6-b508-0131a996e108','&v1;');
INSERT INTO pos VALUES('17e594e5-3a4d-4d10-bb6c-b395ae3ba1bc','&vi;');
INSERT INTO gloss VALUES('8a98981b-02a7-4bf4-8033-19a447631fad','to become angry or sullen');
INSERT INTO gloss VALUES('4f9870a4-e7fb-459e-8ff5-207466b6fe0c','to take offense');
INSERT INTO gloss VALUES('80aa21ee-fe2e-4bfe-928c-495cccf03d4e','to be miffed');
INSERT INTO jmdict VALUES('1012350','剥れる','むくれる','0');
INSERT INTO pos VALUES('02d935ff-9b5a-46d4-8fa1-35f7f1461223','&n;');
INSERT INTO gloss VALUES('13af7cbc-14e5-4420-bf7f-7c829b8d9f92','Japanese giant flying squirrel (Petaurista leucogenys)');
INSERT INTO jmdict VALUES('1012360','鼯鼠','むささび','0');
INSERT INTO pos VALUES('16ca5a67-27d9-4b8c-b232-ea817138e7bb','&vs;');
INSERT INTO gloss VALUES('b881c350-389f-4476-a758-4454ab7eea0c','to feel itchy');
INSERT INTO gloss VALUES('c4472ff6-ee5e-4f61-90b5-38e69c1258a9','to itch');
INSERT INTO gloss VALUES('a48e3e7d-c056-435f-9d17-2188b3896eae','to feel creepy');
INSERT INTO jmdict VALUES('1012370','NULL','ムズムズ','0');
INSERT INTO pos VALUES('b31f86d3-ca51-4156-90e3-23e3701c90af','&exp;');
INSERT INTO pos VALUES('9f84449b-9543-43a2-9ba9-b46837854bd9','&vs-i;');
INSERT INTO gloss VALUES('53db061a-9f9e-4e38-bcd5-3c1daf3d226d','to render futile');
INSERT INTO gloss VALUES('a65c6632-f8c4-4630-b684-acf3b6ba2d1e','to bring to naught');
INSERT INTO gloss VALUES('a25b18ef-e21b-400c-93cd-ec654cce7c41','to waste');
INSERT INTO gloss VALUES('efae9a10-18e5-4232-b800-cb8cc53f2d78','to not make good use of');
INSERT INTO jmdict VALUES('1012380','無駄にする','むだにする','0');
INSERT INTO pos VALUES('91f97517-068f-4b78-aa51-025e0631dd78','&adv-to;');
INSERT INTO pos VALUES('ed18e987-8f95-4474-b024-32595f2f9cac','&adv;');
INSERT INTO pos VALUES('b8a198b8-8517-4f14-b976-7d826116c004','&vs;');
INSERT INTO gloss VALUES('c2f4b22b-c36b-4d00-8757-bddd71f10d17','sullenly');
INSERT INTO gloss VALUES('386f8577-e823-41e6-89e2-c5ee36c4f02a','taciturnly');
INSERT INTO gloss VALUES('11e99806-cac5-4b51-ac12-65eb1896cb4d','morosely');
INSERT INTO gloss VALUES('b7bf1814-5991-4876-9511-573db5241905','gloomily');
INSERT INTO gloss VALUES('f9dd5924-67ea-41b2-a11e-3aea7d3c471f','silently');
INSERT INTO jmdict VALUES('1012390','NULL','むっつり','0');
INSERT INTO pos VALUES('2a215e32-0488-4823-ab81-06e9fe5da23a','&adv;');
INSERT INTO pos VALUES('67a67939-8009-43ad-bdce-b03daa260fee','&adv-to;');
INSERT INTO gloss VALUES('2b3284a2-4f99-4224-b4dc-fe90897481fa','(mumbling) incomprehensibly');
INSERT INTO gloss VALUES('d0bd05df-3ce3-44d4-b24d-9c3f2e7acff5','while mumbling');
INSERT INTO gloss VALUES('4c414dab-4231-43da-84e8-cdc66f54590f','mutteringly');
INSERT INTO gloss VALUES('cced0f60-4eca-4da9-b756-12a6ce58d296','murmuringly');
INSERT INTO jmdict VALUES('1012400','NULL','むにゃむにゃ','0');
INSERT INTO pos VALUES('e9ff6e3b-bdbd-4934-90fb-790d816eb25e','&adv;');
INSERT INTO pos VALUES('2ef41852-a381-4ba0-9f76-17c334461ff5','&adv-to;');
INSERT INTO pos VALUES('f9853a4b-7570-4df5-82e6-6ba038520f06','&vs;');
INSERT INTO gloss VALUES('d5855eef-a660-400b-823f-dc605cf25a6a','stuffy');
INSERT INTO gloss VALUES('c753b37f-8b9a-4e95-9c98-c6a28bb5794c','steamy');
INSERT INTO gloss VALUES('e2dd2a6f-0ae4-406e-8d9f-70d15539ae96','sultry');
INSERT INTO jmdict VALUES('1012420','NULL','むんむん','0');
INSERT INTO pos VALUES('8e305606-dc05-4476-a7a9-b85cbf63b9df','&adv;');
INSERT INTO pos VALUES('444af18d-49a3-4d6f-b8d1-1399705513c5','&adv-to;');
INSERT INTO gloss VALUES('4beb72e3-ed9b-4ad0-ad6f-1c480fa5e555','remarkably');
INSERT INTO gloss VALUES('f51a69e7-1535-4385-9126-1f53f597a055','markedly');
INSERT INTO gloss VALUES('49e31622-3ae0-4971-9ac0-14ca82808eea','rapidly');
INSERT INTO jmdict VALUES('1012430','NULL','メキメキ','0');
INSERT INTO pos VALUES('f9ceb6ab-0a80-493a-95df-17255fb4797f','&suf;');
INSERT INTO pos VALUES('4aedad31-21ca-483a-85e1-2ed8678dead0','&v5k;');
INSERT INTO gloss VALUES('27715932-8eac-4514-a55f-0cd0ae7fc727','to show signs of ...');
INSERT INTO gloss VALUES('1fd8f941-f3d8-4dfa-890f-62d1d7b36210','to have the appearance of ...');
INSERT INTO jmdict VALUES('1012440','NULL','めく','0');
INSERT INTO pos VALUES('f0390d76-2ca7-4311-9322-b7ee772e4b85','&adv;');
INSERT INTO pos VALUES('0088406e-6511-403b-95f5-43aebbbbcdbb','&adv-to;');
INSERT INTO pos VALUES('df216dd8-7261-4a1d-b9ac-eefd2ff079d1','&vs;');
INSERT INTO gloss VALUES('4615e52b-97ab-40cb-88c3-d729a04bbde1','sobbing');
INSERT INTO gloss VALUES('82e600b6-9ab3-4390-9eeb-24fede39de59','weeping');
INSERT INTO gloss VALUES('0ad92e1d-1ad5-46f3-81b8-cd4ec111c5ea','whimpering');
INSERT INTO jmdict VALUES('1012450','NULL','メソメソ','0');
INSERT INTO pos VALUES('a498b4c1-cb5f-4dcb-ac20-998ccfe52684','&adv;');
INSERT INTO gloss VALUES('a003c79d-89bb-42ca-8e08-24845464bf8c','remarkably');
INSERT INTO jmdict VALUES('1012470','NULL','めっきり','0');
INSERT INTO pos VALUES('7ccf4f4e-6ed7-49d1-a7ec-c04674b5eb0c','&adv;');
INSERT INTO gloss VALUES('d1cda9f9-aaae-4a9c-aa53-10b815fdb25d','now');
INSERT INTO gloss VALUES('96f3dd41-f1dc-4844-966f-344230b36b3f','soon');
INSERT INTO gloss VALUES('530acafc-f60a-4c12-90b7-52854f994d39','shortly');
INSERT INTO gloss VALUES('d9c1b1a6-4eed-4bc8-b2cb-4a7ad676a200','before long');
INSERT INTO gloss VALUES('fa4c5686-909c-4780-9dcb-cd43485b1819','presently');
INSERT INTO jmdict VALUES('1012480','NULL','もう','0');
INSERT INTO pos VALUES('6ee15f2e-5aa8-4c12-8aea-e569e7faf028','&v5k;');
INSERT INTO pos VALUES('c351c375-c851-4f20-bf8d-94c6f10481a1','&vi;');
INSERT INTO gloss VALUES('895db4d7-79ba-44a2-b126-d5fd4a2c2530','to struggle');
INSERT INTO gloss VALUES('37da4733-a44c-4519-ad98-424fd0189ab4','to writhe');
INSERT INTO gloss VALUES('5687e090-d317-42b2-8a36-5f0b2674e13a','to wriggle');
INSERT INTO gloss VALUES('42a9b3f1-b13f-4dc1-964a-1eaf3a3afdbd','to squirm');
INSERT INTO jmdict VALUES('1012490','藻掻く','もがく','0');
INSERT INTO pos VALUES('ed2ad17d-72e0-49b3-979b-5d8c0ab5847d','&adv;');
INSERT INTO gloss VALUES('2a8bdcf1-e911-47b9-ae0f-08faeacfccae','if');
INSERT INTO gloss VALUES('68af72e9-e3bc-459c-b953-93cea26d969b','in case');
INSERT INTO gloss VALUES('997cd9ef-c67c-48f9-b2fb-da595a7ecff0','supposing');
INSERT INTO jmdict VALUES('1012500','若し','もし','0');
INSERT INTO pos VALUES('315ff151-5d6c-4882-ae51-701f9a85577d','&exp;');
INSERT INTO pos VALUES('2c1cbe36-7e82-4ba0-bb5a-8a88cfea42c2','&adv;');
INSERT INTO gloss VALUES('7c303ece-5664-48cb-a627-338383be26cd','perhaps');
INSERT INTO gloss VALUES('10f2bdd9-a6cb-4942-913e-70c29e103145','maybe');
INSERT INTO gloss VALUES('8925cf01-d798-46ed-947c-a39f91649657','perchance');
INSERT INTO gloss VALUES('2a722e11-6e0d-4476-abcf-961de59eeaad','by some chance');
INSERT INTO gloss VALUES('2f2a315c-5a3b-4d90-9f0d-9b2f35f76ea6','by any chance');
INSERT INTO jmdict VALUES('1012510','若しかしたら','もしかしたら','0');
INSERT INTO pos VALUES('affa2f1a-b4db-4bce-8d93-bee0aa264e73','&exp;');
INSERT INTO pos VALUES('fb61cb8b-b3f7-4d23-97bd-81933e170ce0','&adv;');
INSERT INTO gloss VALUES('65fcc770-d282-4074-8173-628f74fec05f','perhaps');
INSERT INTO gloss VALUES('b7bfa06d-b37f-4355-aed8-a30fb7a19eeb','possibly');
INSERT INTO gloss VALUES('2c13a919-a25d-431b-962f-862715c222ad','maybe');
INSERT INTO gloss VALUES('33681320-ead8-4d56-82aa-fe2792026927','by any chance');
INSERT INTO gloss VALUES('4f12b4ac-baf2-413a-9fa8-a52f759791e4','if Im not mistaken');
INSERT INTO jmdict VALUES('1012520','若しかして','もしかして','0');
INSERT INTO pos VALUES('9310f4c5-ef66-4ba7-b9ba-1952400546d0','&exp;');
INSERT INTO pos VALUES('b0db81af-deb5-4b8d-a526-7386109936d6','&adv;');
INSERT INTO gloss VALUES('fbeaa2ac-1859-4e3f-852b-d7c55145fc08','perhaps');
INSERT INTO gloss VALUES('c59feffa-5af7-4ad0-9307-09e60c850ac7','maybe');
INSERT INTO gloss VALUES('8da387e8-29d3-42d1-bf9c-3b0661235803','by some chance');
INSERT INTO jmdict VALUES('1012530','若しかすると','もしかすると','0');
INSERT INTO pos VALUES('29ada993-450a-4265-a46a-8ffbbb2ad3fd','&exp;');
INSERT INTO gloss VALUES('c8e6e7dc-7b9d-4822-aee6-2392ec0aeec2','if so');
INSERT INTO gloss VALUES('c365320c-2430-4d02-b7d8-a05fd7b6a929','in that case');
INSERT INTO jmdict VALUES('1012540','NULL','もしそうなら','0');
INSERT INTO pos VALUES('c812d86c-7579-4a5d-8e7c-ba0c23539764','&int;');
INSERT INTO gloss VALUES('a2ef6049-5f65-41ea-b213-91e2397f69ea','hello (e.g. on phone)');
INSERT INTO jmdict VALUES('1012550','NULL','もしもし','0');
INSERT INTO pos VALUES('09dc96b8-e687-4669-86dd-1c2978928f4d','&exp;');
INSERT INTO gloss VALUES('33456770-88b3-4b4e-ad4e-892c9acaa8a8','if possible');
INSERT INTO jmdict VALUES('1012560','もし可能ならば','もしかのうならば','0');
INSERT INTO pos VALUES('c978e7e7-4522-4699-b991-24542ca1bae4','&adv;');
INSERT INTO pos VALUES('3cfaf234-84a7-4ca3-a16d-d050492a3c10','&vs;');
INSERT INTO gloss VALUES('17e2ef46-d823-4a8d-8210-5130007c08b1','bashfully');
INSERT INTO gloss VALUES('408657a4-871a-4946-ac8f-c7da64fa9720','hesitantly');
INSERT INTO gloss VALUES('7b5f8e3b-c555-461c-bc3b-de0038919d40','fidgety');
INSERT INTO gloss VALUES('4eae3172-63e1-4c3f-a327-531adabcea34','restlessly');
INSERT INTO gloss VALUES('c94cd22a-9924-483a-be1a-ff6c243614bf','squirming');
INSERT INTO gloss VALUES('e6174f1a-01c8-4b39-8b97-b6c1696584d1','wriggling');
INSERT INTO gloss VALUES('01b691b2-0a5a-4990-b434-22b4b4151255','haltingly');
INSERT INTO jmdict VALUES('1012570','NULL','もじもじ','0');
INSERT INTO pos VALUES('0d81ad05-af3c-434f-bf3f-bf5322d95a77','&n;');
INSERT INTO gloss VALUES('dec5f1aa-7ff5-41e2-9851-40e6af68b810','parody');
INSERT INTO gloss VALUES('ef2e24d4-6725-42b7-ac65-7f10b9d124f1','imitation');
INSERT INTO jmdict VALUES('1012580','捩り','もじり','0');
INSERT INTO pos VALUES('fe2a4be6-69a9-4f22-890d-efdf91c2e5da','&adv;');
INSERT INTO pos VALUES('a5241330-422b-4f2d-b673-7ebe2e0fdd74','&adv-to;');
INSERT INTO pos VALUES('943af69a-7e62-46ed-839c-b08634c10122','&vs;');
INSERT INTO gloss VALUES('550d12b9-4389-4005-9cd6-c6eb73290d53','slowly');
INSERT INTO gloss VALUES('6eed72db-05c5-4cfd-a6bd-d334e11b8c1a','inefficiently');
INSERT INTO gloss VALUES('ea47df61-29d3-4db9-af94-367de957b9b0','tardily');
INSERT INTO gloss VALUES('be2b384a-13d0-4d14-931a-7c224bb20dec','dawdling');
INSERT INTO jmdict VALUES('1012600','NULL','もたもた','0');
INSERT INTO pos VALUES('0b145197-8a19-4e6c-bb4a-e48a95f46aed','&vs;');
INSERT INTO pos VALUES('47744585-2e93-4c50-bd02-f6af65ceb7ef','&adv-to;');
INSERT INTO pos VALUES('ac3be626-a7e2-41d2-889f-0a30de86c2e9','&adv;');
INSERT INTO gloss VALUES('75c5cf87-de83-42ec-886a-6942c9f05c3d','bulge in a pocket or clothing');
INSERT INTO jmdict VALUES('1012610','NULL','もっこり','0');
INSERT INTO pos VALUES('7a24604c-d28d-46d1-a09b-8a69453c1474','&adv;');
INSERT INTO gloss VALUES('ec80c3cc-0d6d-4dc6-bdb0-4767e75955a3','(some) more');
INSERT INTO gloss VALUES('0e2baa76-291c-400a-a3c8-fb35a98aef5c','even more');
INSERT INTO gloss VALUES('ad9d88ff-af18-41c2-bbab-5514e0849f07','longer');
INSERT INTO gloss VALUES('6304a880-c692-4fb4-ad9b-1d8f45df5a94','further');
INSERT INTO jmdict VALUES('1012620','NULL','もっと','0');
INSERT INTO pos VALUES('ac5859b6-1cb2-41be-9cd3-3c45dcfaa6e8','&n;');
INSERT INTO pos VALUES('9481f0f6-7666-4147-9812-1aa8a626f21d','&vs;');
INSERT INTO gloss VALUES('8a73e9c0-8ce8-4bd0-8cc5-24c6f7f495f0','hospitality');
INSERT INTO gloss VALUES('94d4b70a-b16c-47f2-bc36-b545b38a1b44','reception');
INSERT INTO gloss VALUES('c5d1f2ac-340b-4fe5-95b5-d5f36fb2a15d','treatment');
INSERT INTO gloss VALUES('1b72fd3a-cb25-4785-b91f-6ffe43a756bd','service');
INSERT INTO gloss VALUES('16cebac7-6496-4ffc-a7cc-1cfbca578169','entertainment');
INSERT INTO jmdict VALUES('1012630','持て成し','もてなし','0');
INSERT INTO pos VALUES('6d46dcd2-c9e6-4c65-abc6-37fc1ecc38ca','&adj-i;');
INSERT INTO gloss VALUES('e18e447d-0df5-4da8-98ef-0acf81526b70','irritating');
INSERT INTO gloss VALUES('1bec8e85-29e6-41b7-9d41-777023776b02','irritated');
INSERT INTO gloss VALUES('8fa5bfd7-4542-4221-bd8a-029b2594323f','frustrating');
INSERT INTO gloss VALUES('82cd8ea7-86dc-4a6c-8448-23eece26f646','vexing');
INSERT INTO gloss VALUES('c016e5fd-117a-48e1-b922-e01d387daed8','(feeling things are) not quick enough');
INSERT INTO gloss VALUES('b70c1a05-8ea4-463b-8631-ef732e9da587','(feeling) too slow-going');
INSERT INTO gloss VALUES('f42879ee-4100-4e8c-a5aa-344b19c0adbc','(feeling) impatient');
INSERT INTO gloss VALUES('58951a10-cc5d-4268-85de-dfe124410bd4','tantalizing');
INSERT INTO gloss VALUES('b5b562d7-093c-4a18-8f7d-a69e90870264','tantalising');
INSERT INTO jmdict VALUES('1012640','NULL','もどかしい','0');
INSERT INTO pos VALUES('67c70b94-2b44-42bb-8549-2ef9c7a91aa1','&exp;');
INSERT INTO gloss VALUES('fe618fd7-0b8e-4f74-a328-352767354dbd','is something that');
INSERT INTO gloss VALUES('a3c7171e-5285-425a-b303-c734d2cccf1a','is that which');
INSERT INTO jmdict VALUES('1012660','NULL','ものである','0');
INSERT INTO pos VALUES('d896c9d0-b342-45a3-985f-570d6ac7bbc1','&exp;');
INSERT INTO pos VALUES('64b41415-ad05-4144-82ff-a06300e266e3','&vs-i;');
INSERT INTO gloss VALUES('358e0199-fef8-4939-98b4-15fa758e3593','to get');
INSERT INTO gloss VALUES('d002616d-4ef1-4bb0-9ab5-a1a1ca22c5eb','to secure');
INSERT INTO gloss VALUES('f4fcd98b-caa3-4348-a713-cac9b111e052','to take possession of');
INSERT INTO gloss VALUES('ba9cb860-d56d-44cd-b804-034df766610d','to make ones own');
INSERT INTO gloss VALUES('b778e072-1b49-41e9-abe6-cf6dc7c5007c','to win (someones heart)');
INSERT INTO jmdict VALUES('1012670','物にする','ものにする','0');
INSERT INTO pos VALUES('7009c054-dce2-4b32-a658-0d974af138e2','&n;');
INSERT INTO gloss VALUES('523000d3-abb7-4c92-b439-a240f8ebf6f9','Japanese flying squirrel (Pteromys momonga)');
INSERT INTO gloss VALUES('010ad166-c3b8-4011-aac2-6d5cc89b5909','small Japanese flying squirrel');
INSERT INTO gloss VALUES('99ceb9c2-4f36-4881-a821-5feb108f5481','Japanese dwarf flying squirrel');
INSERT INTO jmdict VALUES('1012680','鼯鼠','ももんが','0');
INSERT INTO pos VALUES('7eb6ec60-7fd0-4c85-80f3-56964f7d558a','&adv;');
INSERT INTO pos VALUES('7f8298fb-ea30-499b-b7ef-00d1311a2082','&adv-to;');
INSERT INTO pos VALUES('534f0bf6-956c-461e-8eed-8c673fccd6a7','&vs;');
INSERT INTO gloss VALUES('44c02348-5353-45b2-8a44-0f964274b798','hazy');
INSERT INTO gloss VALUES('1b5f32bb-351b-446b-aa52-0efa3c4d2a90','misty');
INSERT INTO gloss VALUES('6630bff5-9e14-4155-ada9-bc948852a0de','foggy');
INSERT INTO gloss VALUES('725853e8-696b-4ea7-9c61-cc741b1bcc33','murky');
INSERT INTO gloss VALUES('af992582-54fa-49cb-947d-5ee55885268a','fuzzy');
INSERT INTO jmdict VALUES('1012690','NULL','もやもや','0');
INSERT INTO pos VALUES('b5f7fc94-7274-4b87-ae9b-ab1d5fc605d8','&adv;');
INSERT INTO pos VALUES('5eac46af-613f-461c-9258-eec6a68bd073','&adv-to;');
INSERT INTO gloss VALUES('35dc5939-f77c-4441-9017-b07bc0681bd2','(eating) heartily');
INSERT INTO jmdict VALUES('1012700','NULL','もりもり','0');
INSERT INTO pos VALUES('1582a8eb-af6f-4eb5-a9d2-8cf570856575','&adv;');
INSERT INTO gloss VALUES('92bf05c5-f6de-417b-9cde-2eb49be94df2','completely');
INSERT INTO gloss VALUES('9ad52ff4-573b-4745-992c-459d63b6187a','all the way');
INSERT INTO gloss VALUES('6e497b02-927b-4e20-805e-2982a561fbd1','altogether');
INSERT INTO gloss VALUES('e0e3f706-8f59-4b69-99e9-56846477e494','bodily');
INSERT INTO jmdict VALUES('1012710','諸に','もろに','0');
INSERT INTO pos VALUES('efb13e15-a4aa-43eb-8805-ec3c495b9023','&n;');
INSERT INTO gloss VALUES('a1d13d63-6799-4423-9bce-173f975b15b5','womens work pants');
INSERT INTO jmdict VALUES('1012720','NULL','もんぺ','0');
INSERT INTO pos VALUES('1e3c60c1-a09f-4ebc-bf73-de72dd2080d9','&adv;');
INSERT INTO gloss VALUES('d5759ec9-3918-4ef2-a170-83e5fc669451','before long');
INSERT INTO gloss VALUES('c98cb95c-03ee-45b3-bacc-3205530bf21c','soon');
INSERT INTO jmdict VALUES('1012730','軈て','やがて','0');
INSERT INTO pos VALUES('e7ae5245-da89-4a33-968b-77c8da77d842','&aux-v;');
INSERT INTO pos VALUES('2d60111e-4dc9-4388-8377-a652a7a278ac','&v5r;');
INSERT INTO gloss VALUES('c3b21709-8875-4153-b41b-891b3454edac','to have the nerve to');
INSERT INTO jmdict VALUES('1012740','NULL','やがる','0');
INSERT INTO pos VALUES('55cf720d-8fd4-4291-833e-6ce88067e596','&adv;');
INSERT INTO pos VALUES('baf53099-654c-4592-8703-8d9cc33e7d76','&adv-to;');
INSERT INTO pos VALUES('51998907-066a-4226-8c83-cf2aedb01ef0','&vs;');
INSERT INTO gloss VALUES('ac33298a-d2fe-4b03-935c-33532810b4b0','fretting');
INSERT INTO gloss VALUES('904136ab-a0f9-4585-831f-508812126346','anxious');
INSERT INTO gloss VALUES('8c32e097-c230-43c4-b9a0-5f1375a7cbee','impatient');
INSERT INTO gloss VALUES('9b629e0f-486b-4cdc-8ee3-da3aebfa9a32','worried');
INSERT INTO jmdict VALUES('1012750','NULL','やきもき','0');
INSERT INTO pos VALUES('b7d77c48-f667-4299-a7c9-405fe0d5ed0b','&n;');
INSERT INTO gloss VALUES('ef44a192-e951-46c0-bb72-e1105f69fc80','yakuza');
INSERT INTO gloss VALUES('a819b299-ff38-4a16-9221-1a73c30f2775','gangster');
INSERT INTO gloss VALUES('1167f9ac-411b-4171-84b6-3b1f000edc13','mobster');
INSERT INTO gloss VALUES('ae4405ba-fff4-4527-8a3e-c6e38df07f76','hoodlum');
INSERT INTO gloss VALUES('2e2745e1-6b0b-480e-a25a-407cd6a05059','racketeer');
INSERT INTO gloss VALUES('7323094c-7866-4bf4-8710-b06a7d720f6c','gambler');
INSERT INTO jmdict VALUES('1012760','NULL','やくざ','0');
INSERT INTO pos VALUES('f6453041-f803-4282-ad64-61a20dcdf55c','&adv;');
INSERT INTO gloss VALUES('28d38b60-5c71-4b54-924c-6e1c6182a59a','awfully');
INSERT INTO gloss VALUES('144d20b3-9388-43b6-857b-221a39f88c4f','frightfully');
INSERT INTO gloss VALUES('29d2f3c6-4966-4e32-b404-0df1947e3723','desperately');
INSERT INTO gloss VALUES('410636e4-afcd-486b-bdd1-a63ac90571c6','violently');
INSERT INTO gloss VALUES('5fdfbdc3-a046-4c15-b520-da0132a2970c','unduly');
INSERT INTO gloss VALUES('24689229-d792-4773-b0d0-eb64e714755d','extremely');
INSERT INTO jmdict VALUES('1012770','NULL','やけに','0');
INSERT INTO pos VALUES('74715069-09b3-4717-9b94-55688fc3e8be','&exp;');
INSERT INTO pos VALUES('79499491-ea0a-4766-8ea0-b4e3b4bc19b4','&v5u;');
INSERT INTO gloss VALUES('9542c21e-0894-42d1-bff9-0471538cb4ec','to do (esp. something one regrets)');
INSERT INTO jmdict VALUES('1012780','NULL','やっちまう','0');
INSERT INTO pos VALUES('fbc77184-cd8e-416e-a790-8225ffea94a7','&exp;');
INSERT INTO pos VALUES('9706e75a-783c-4a04-9e8d-17fbd9048b0a','&vk;');
INSERT INTO gloss VALUES('1a146dc1-b044-4b51-9336-4af9561e4eff','to come along');
INSERT INTO gloss VALUES('abf6237a-983f-4397-8be6-7517e4ed34f9','to come around');
INSERT INTO gloss VALUES('d749d19a-4325-4eb7-bae1-68da5752c316','to turn up');
INSERT INTO jmdict VALUES('1012790','やって来る','やってくる','0');
INSERT INTO pos VALUES('9c010dfb-d138-4a11-908d-340c37d789fb','&adv;');
INSERT INTO gloss VALUES('c96c2880-ffeb-42a0-b64b-d8a56fc23dc3','at last');
INSERT INTO gloss VALUES('26582e71-2482-47ad-a399-f1e157eb8798','at length');
INSERT INTO jmdict VALUES('1012800','NULL','やっと','0');
INSERT INTO pos VALUES('b7ec536d-3e15-4192-9dac-7a7d4f09c095','&adv;');
INSERT INTO gloss VALUES('26dc4b95-307f-406d-ad97-a8e9ab20a77f','too');
INSERT INTO gloss VALUES('601aa4eb-05d4-42eb-8408-c9240c0b61af','also');
INSERT INTO gloss VALUES('5c0833f8-77d9-4003-a0fb-45dd51b47133','likewise');
INSERT INTO gloss VALUES('86e4b690-4e49-4612-9d91-cf0c2af79a73','either');
INSERT INTO jmdict VALUES('1012810','矢っ張り','やっぱり','0');
INSERT INTO pos VALUES('5343d061-f7a6-40a6-a28c-e1b4cc144725','&adv;');
INSERT INTO gloss VALUES('17fab39f-92a8-42ed-aba1-b8b36a89aef8','indiscriminately');
INSERT INTO jmdict VALUES('1012820','NULL','やとらに','0');
INSERT INTO pos VALUES('3b59f7e9-13d7-481d-bf3d-b0f6b3858f4e','&adj-i;');
INSERT INTO gloss VALUES('eefcfce0-6faa-4f30-877a-f174cb7f0190','dangerous');
INSERT INTO gloss VALUES('6ded572f-6989-468d-aa57-fd62c3655f93','risky');
INSERT INTO jmdict VALUES('1012840','NULL','やばい','0');
INSERT INTO pos VALUES('7059b0b4-7471-4042-a476-884bc65706e2','&n;');
INSERT INTO gloss VALUES('13a5e426-1130-484a-a646-15c5b888fbee','skips-most-stations Tōhoku-line Shinkansen');
INSERT INTO jmdict VALUES('1012850','NULL','やまびこ','0');
INSERT INTO pos VALUES('cee7d1fb-f9aa-4a60-947f-4bcc3e233ab5','&adj-i;');
INSERT INTO gloss VALUES('f4d35a6e-faac-4b01-ac01-5098213a1b82','puzzling');
INSERT INTO gloss VALUES('29c36d6c-c276-4a5b-9705-bb1c55ea1d67','tangled');
INSERT INTO gloss VALUES('1981232e-e383-43ce-a26c-c03a7e6ed150','complicated');
INSERT INTO gloss VALUES('aeae45f5-6b8c-49f9-8840-d7266bce8575','complex');
INSERT INTO jmdict VALUES('1012870','NULL','ややこしい','0');
INSERT INTO pos VALUES('521018a0-726c-4c7c-a18c-9ad53b69a720','&adj-i;');
INSERT INTO gloss VALUES('298b6f0f-ce56-4868-a661-6a058eb67caa','soft');
INSERT INTO gloss VALUES('3a34f6e2-671e-4058-83f9-426ebb4ac048','tender');
INSERT INTO gloss VALUES('d74f9976-6f3d-4a9f-86e8-2d09938a9454','limp');
INSERT INTO jmdict VALUES('1012890','NULL','やりこい','0');
INSERT INTO pos VALUES('44d50be1-97a3-406a-8bc4-c70a7bde51a7','&n;');
INSERT INTO gloss VALUES('bc961f42-b127-4773-8175-dac0e1e04a16','slut');
INSERT INTO gloss VALUES('1a8a38c5-52c0-47a4-9dd5-7c2d47e00877','slag');
INSERT INTO gloss VALUES('7e1b04dd-569c-4f96-a99d-08873f1fbbe3','whore');
INSERT INTO jmdict VALUES('1012900','NULL','ヤリマン','0');
INSERT INTO pos VALUES('8aab31f3-dd00-45cc-8b0d-0829974cb934','&n;');
INSERT INTO gloss VALUES('95846622-52a8-4901-a30b-fa8a03ad0657','way of doing something');
INSERT INTO jmdict VALUES('1012910','遣り様','やりよう','0');
INSERT INTO pos VALUES('0b69f592-a0a4-43c4-88bf-9b2713d44379','&n;');
INSERT INTO pos VALUES('cc7454a0-c601-4db3-96c0-4abcd872e118','&vs;');
INSERT INTO gloss VALUES('54b01678-995a-4971-8dcc-44b207f090c6','making do');
INSERT INTO gloss VALUES('d55a7522-3ae2-4f0a-bc71-af29d330dd14','getting by (somehow)');
INSERT INTO gloss VALUES('c40b46f2-a508-408c-bc93-f6185f0178ee','managing');
INSERT INTO jmdict VALUES('1012930','やり繰り','やりくり','0');
INSERT INTO pos VALUES('60e6152a-8e97-45d4-97d7-c7afa33e6b08','&n;');
INSERT INTO pos VALUES('31261836-c9b5-4e85-ab6a-9773e00e1a5b','&vs;');
INSERT INTO gloss VALUES('c047c908-c665-4c57-8ca1-229bd115084d','giving and taking');
INSERT INTO gloss VALUES('9585a14d-5e89-4068-a087-172e311b5329','exchange (of letters)');
INSERT INTO gloss VALUES('5486d085-e842-415f-a10b-91405fb0c8b6','arguing back and forth');
INSERT INTO gloss VALUES('4d1cb8cf-880d-4b98-aca3-ee8b24464f2a','(conversational) exchange');
INSERT INTO jmdict VALUES('1012940','やり取り','やりとり','0');
INSERT INTO pos VALUES('05ea3fc5-7e93-4cc3-a99e-01428b2ee4ca','&v5r;');
INSERT INTO gloss VALUES('d80920ad-354e-46dc-a4ea-93df60b39bbb','to complete decisively');
INSERT INTO gloss VALUES('c9265c05-d84a-43e8-9afa-3bf3cb958fc9','to do to completion');
INSERT INTO jmdict VALUES('1012950','やり切る','やりきる','0');
INSERT INTO pos VALUES('71e05121-10e5-47f9-a50c-73b0b366480b','&n;');
INSERT INTO gloss VALUES('aac8bdef-03fb-4559-963a-72cf275dd112','manner of doing');
INSERT INTO gloss VALUES('f24d651c-84f1-48a9-8b6d-f6424db3d796','way');
INSERT INTO gloss VALUES('4898e7ad-f017-4d8f-87e0-0083344e9a45','method');
INSERT INTO gloss VALUES('26d5ebfe-db1d-4e64-921e-5b36115a4a36','means');
INSERT INTO jmdict VALUES('1012960','やり方','やりかた','0');
INSERT INTO pos VALUES('91218a23-5c97-4270-bfc9-449a631e5a27','&v5r;');
INSERT INTO pos VALUES('0af10eab-b909-47e2-b151-205b4f4cdff7','&vt;');
INSERT INTO gloss VALUES('01d733fb-f70a-4988-b75c-966887c13ce0','to do');
INSERT INTO gloss VALUES('7940578a-f172-442a-8204-e254315dff00','to undertake');
INSERT INTO gloss VALUES('d4473569-0d97-462b-82ac-00dcbd1af89f','to perform');
INSERT INTO gloss VALUES('8a07816a-374e-49b4-b05a-284aa7fcb32d','to play (a game)');
INSERT INTO gloss VALUES('80cd8c19-92a1-47d5-b07f-262b92a100cb','to study');
INSERT INTO jmdict VALUES('1012980','遣る','やる','0');
INSERT INTO pos VALUES('daa84bff-497a-4e55-99f5-6750739cdf2c','&int;');
INSERT INTO gloss VALUES('0bbb030f-9eee-41e9-ac6f-6857f62c23c5','oh!');
INSERT INTO gloss VALUES('098b41b1-c0c0-4915-b992-d85329ccf0b4','ah!');
INSERT INTO gloss VALUES('79ae7e8b-4906-4f72-aba8-20e1d8c15b89','oh dear!');
INSERT INTO gloss VALUES('fcf50c7f-c99c-4b4d-8b39-bd0288034add','dear me!');
INSERT INTO gloss VALUES('c7dbd559-5d74-4f35-8e2d-9e6e97d0bf47','thank God!');
INSERT INTO jmdict VALUES('1012990','NULL','やれ','0');
INSERT INTO pos VALUES('867db407-6684-49b6-814d-559761d9a89b','&int;');
INSERT INTO gloss VALUES('64b7a2f2-8043-4452-9ccd-61de83296c34','oh!');
INSERT INTO gloss VALUES('e231bb43-8488-4377-806a-d0d1306e16b7','ah!');
INSERT INTO gloss VALUES('0787bebe-784a-4ca8-a5b1-ec6b6a4a7003','oh dear!');
INSERT INTO gloss VALUES('f4356e1d-f6aa-4c63-ba73-aae8ae25c441','good grief!');
INSERT INTO gloss VALUES('6b1725f8-634d-47e5-8a0b-70dafb42abf2','dear me!');
INSERT INTO gloss VALUES('01668409-6f36-468f-b02f-2911ee698b9d','thank God!');
INSERT INTO jmdict VALUES('1013000','NULL','やれやれ','0');
INSERT INTO pos VALUES('d0adea3e-2027-4134-87df-0eb3e432fb9a','&adj-na;');
INSERT INTO pos VALUES('e3396413-8ab7-45bb-aea1-33e33280cff6','&n;');
INSERT INTO gloss VALUES('5761a485-33a7-4519-9193-af8aadf41de0','naughty');
INSERT INTO gloss VALUES('d3fb9bd5-d908-43bf-bc26-4d060ece1b8d','mischievous');
INSERT INTO jmdict VALUES('1013010','NULL','やんちゃ','0');
INSERT INTO pos VALUES('ed2bb372-17c1-4ec6-a998-ad513fa5f7d6','&adv;');
INSERT INTO pos VALUES('8dda0b4c-7ba7-48d3-a6cf-c251b6e3f108','&adv-to;');
INSERT INTO pos VALUES('68e6a971-d707-463d-a0c9-9084b66bfbd6','&vs;');
INSERT INTO gloss VALUES('18dcff6c-c5f3-4d5e-95eb-a629ab450902','softly');
INSERT INTO gloss VALUES('6b041e07-8360-410c-a114-71f248736948','mildly');
INSERT INTO gloss VALUES('95653890-3dbb-4235-98b7-1e2e41b33f52','gently');
INSERT INTO gloss VALUES('bff47447-238f-4dd8-a8f3-bb9e21343f6d','politely');
INSERT INTO jmdict VALUES('1013020','NULL','やんわり','0');
INSERT INTO pos VALUES('a8b5a60a-66ce-415d-8475-e6be242e6297','&n;');
INSERT INTO gloss VALUES('235188da-93a0-4cc1-afaa-777c69d0f9df','connection (to a person, place, etc.)');
INSERT INTO gloss VALUES('3cb4c56b-1116-45af-8602-58c998997235','relation');
INSERT INTO gloss VALUES('8decddcc-e0c3-4389-ba56-1f614c8b1fe3','affinity');
INSERT INTO jmdict VALUES('1013030','縁','ゆかり','0');
INSERT INTO pos VALUES('ba365adf-b793-419b-ab8d-483e75c41679','&adv;');
INSERT INTO pos VALUES('f21cddf4-aa9f-4fa1-b2e2-a485502dbcfe','&adv-to;');
INSERT INTO pos VALUES('c756dcc6-67d8-4dbb-b4ea-fc28fb052276','&vs;');
INSERT INTO gloss VALUES('519b474f-2011-4323-ab83-578579120dac','swaying (with large slow movements)');
INSERT INTO gloss VALUES('d5701cb2-705b-48e6-b0dc-708820aa7fba','shaking');
INSERT INTO jmdict VALUES('1013040','NULL','ゆさゆさ','0');
INSERT INTO pos VALUES('738a74a8-fb96-4991-88d1-0010499c767d','&adv;');
INSERT INTO pos VALUES('1e8de876-2ec2-4787-9483-77eddc68acd2','&n;');
INSERT INTO pos VALUES('3d4fa34a-f037-4dd0-8cfc-a18329c8abc2','&vs;');
INSERT INTO pos VALUES('81634b77-a59e-4770-8e6b-ab729e3b561f','&adv-to;');
INSERT INTO gloss VALUES('53ee973e-2944-48f5-97e5-ff5668c74d3d','slowly');
INSERT INTO gloss VALUES('19afb975-2649-4892-820f-02d352ea4bf9','at ease');
INSERT INTO gloss VALUES('e3e9132d-8867-486f-8b50-480e561050b5','restful');
INSERT INTO jmdict VALUES('1013050','NULL','ゆっくり','0');
INSERT INTO pos VALUES('89a3e76a-39dd-45d9-879d-69277633e32b','&n;');
INSERT INTO pos VALUES('92a23778-a3bc-4dd0-880c-d318a113697f','&adj-f;');
INSERT INTO gloss VALUES('159bf9b4-9e68-4f15-89ca-2f6551e784c3','elbowroom');
INSERT INTO gloss VALUES('39800e35-0706-43ea-ac7e-edd68a89e868','leeway');
INSERT INTO gloss VALUES('49aefdbe-a453-47e0-a0e8-0a416ec6e222','room');
INSERT INTO gloss VALUES('a455d009-3292-4376-99a6-9118dc6811bf','reserve');
INSERT INTO gloss VALUES('9a3cb958-5484-490f-a0f9-1e67f5fa656d','margin');
INSERT INTO gloss VALUES('64619223-8b40-482c-b393-7eed9e31fc0c','allowance');
INSERT INTO gloss VALUES('75f4a05e-af4a-4462-b307-cd571be6d125','latitude');
INSERT INTO gloss VALUES('b3cc1242-349f-42d5-815e-857ea1d7ae24','time');
INSERT INTO jmdict VALUES('1013070','NULL','ゆとり','0');
INSERT INTO pos VALUES('1c6fe25e-0f98-4da9-9b4d-62a1d9135f91','&adv;');
INSERT INTO pos VALUES('bc9f7971-3c85-4c9a-b99e-ccddfc537db9','&adv-to;');
INSERT INTO pos VALUES('89d29c7a-1bbb-4eff-87e4-9aac70cab2d5','&vs;');
INSERT INTO gloss VALUES('9c552455-55ae-4fb1-af67-f571c3335ea6','swaying');
INSERT INTO gloss VALUES('d7cfd398-e45a-40d0-a31f-4359d312abe2','swinging');
INSERT INTO gloss VALUES('c85556fd-6379-451f-9d81-38a5f6cdc75b','rocking');
INSERT INTO gloss VALUES('6af7892d-f6c0-415b-ab1d-e06f4acd8b4d','shaking');
INSERT INTO gloss VALUES('48e4f2f2-88b7-4a2f-a95a-d15c1863ed14','wavering');
INSERT INTO gloss VALUES('d1a9a8c8-731d-406e-853a-923588521838','flickering');
INSERT INTO jmdict VALUES('1013080','揺ら揺ら','ゆらゆら','0');
INSERT INTO pos VALUES('5d6c584b-b2b9-49fe-afe9-6c4a52316656','&adj-na;');
INSERT INTO pos VALUES('07a74ab4-65c5-46ad-9725-c3cab6ea9527','&adv;');
INSERT INTO gloss VALUES('585caffb-7793-42c4-9bd1-cf782096f5bc','very loose');
INSERT INTO gloss VALUES('6e034d16-b533-4131-88f2-00cbbf0c1c5c','slowly');
INSERT INTO gloss VALUES('503e71b7-7f9d-4dce-a26a-a1651b900a21','leisurely');
INSERT INTO jmdict VALUES('1013090','緩緩','ゆるゆる','0');
INSERT INTO pos VALUES('6cf3848a-c995-466d-9581-87909c77a9c2','&int;');
INSERT INTO gloss VALUES('0c79a71c-55ac-4308-b064-3ed26f91d1c4','welcome!');
INSERT INTO gloss VALUES('abf4bcf4-ea3e-460c-abf9-54dd347da9fe','nice to see you!');
INSERT INTO jmdict VALUES('1013100','NULL','ようこそ','0');
INSERT INTO pos VALUES('9dfeac9f-f7d3-4a6e-92c4-add2b495d082','&exp;');
INSERT INTO gloss VALUES('510e7307-731a-43cd-97a3-8562917fc1cc','in order to (e.g. meet goal)');
INSERT INTO gloss VALUES('3a4eb9fb-ead2-40ef-bd77-0af5416c0217','so that');
INSERT INTO gloss VALUES('36035ecf-a295-462b-9633-54298b9b038d','take care (so as)');
INSERT INTO jmdict VALUES('1013110','様に','ように','0');
INSERT INTO pos VALUES('8f4e2102-0fad-4e9b-bd6e-2d082dfa877f','&exp;');
INSERT INTO pos VALUES('66d5b749-70c1-4f81-8fc8-b608f4b1c2d6','&vs-i;');
INSERT INTO gloss VALUES('3414fbf2-7899-40d0-86f4-4acb4dfc0a7e','(following a verb) to be sure to');
INSERT INTO gloss VALUES('d8ae1ea0-2cfc-4120-98c2-63c14df04ece','to do (something) so that ...');
INSERT INTO gloss VALUES('131d8e01-de40-4ed4-82f0-3904260557dd','to make sure to');
INSERT INTO gloss VALUES('c81f9e78-554a-4be2-8941-c01ff573abbd','to try to');
INSERT INTO jmdict VALUES('1013120','様にする','ようにする','0');
INSERT INTO pos VALUES('2c3cfee5-c4f2-4379-962d-57f1866d1cc4','&exp;');
INSERT INTO pos VALUES('f67f5464-f328-4989-90df-f376bcee3895','&v5r;');
INSERT INTO gloss VALUES('455bf736-42fe-40f9-a2b9-b6aa36a2ab66','to reach the point that');
INSERT INTO gloss VALUES('c0a82b9d-0a7d-403c-92d7-55a08b01c765','to come to be that');
INSERT INTO gloss VALUES('ad2f2b0f-846e-47ab-9428-d6abbcd3d5e7','to turn into');
INSERT INTO jmdict VALUES('1013130','様になる','ようになる','0');
INSERT INTO pos VALUES('96b2be7b-c5db-4358-a836-26ef658b6a16','&v5s;');
INSERT INTO pos VALUES('3a797042-86e2-4d16-8c0d-33526921ec2d','&vt;');
INSERT INTO gloss VALUES('f5d4897b-2b81-4a95-a11d-4662a54eb16b','to send');
INSERT INTO gloss VALUES('c95d6e74-2863-4c60-ae2b-e6367dbc8890','to forward');
INSERT INTO jmdict VALUES('1013140','寄越す','よこす','0');
INSERT INTO pos VALUES('e1704f03-d881-427d-9ab1-379a55aa3afe','&adv;');
INSERT INTO gloss VALUES('ce73f34f-0201-4a08-bc6a-25ddc7e054f3','even if');
INSERT INTO gloss VALUES('f12dd715-308e-4b1b-9138-be62aa09707c','even though');
INSERT INTO gloss VALUES('eb34f182-3cec-4e97-b1a5-b631395f03b4','if');
INSERT INTO jmdict VALUES('1013150','縦しんば','よしんば','0');
INSERT INTO pos VALUES('5e22156d-e839-4f7d-8d74-91facc75ac2a','&n;');
INSERT INTO gloss VALUES('07852821-5da6-4d02-96b3-effe6c684463','drool');
INSERT INTO jmdict VALUES('1013160','涎','よだれ','0');
INSERT INTO pos VALUES('dceb7001-3bb6-4402-937f-e2f4f33c5699','&adv;');
INSERT INTO pos VALUES('fe5f1725-c17d-494e-905e-ad7e1d504c63','&int;');
INSERT INTO pos VALUES('4ff06164-dcf9-4365-9f5c-336d60f9130a','&n;');
INSERT INTO pos VALUES('057331ee-d8d0-4230-9a01-f5f1a1d41dbf','&vs;');
INSERT INTO gloss VALUES('42c96d4f-0576-4b64-8791-3f8ceec481f6','totteringly');
INSERT INTO gloss VALUES('3e563cee-9a11-4a11-888e-4056cc19aa91','with tottering steps');
INSERT INTO jmdict VALUES('1013170','NULL','よちよち','0');
INSERT INTO pos VALUES('1211a262-3925-43b2-95ec-735e4455ad76','&adj-no;');
INSERT INTO pos VALUES('f163eb3b-e855-4f3b-b749-c1abd122d0f6','&adj-na;');
INSERT INTO pos VALUES('e1ca67af-7d8f-4762-a7d9-29dace6dfcf9','&vs;');
INSERT INTO pos VALUES('51359d85-f1c2-4783-9e43-f6d62597695a','&adv;');
INSERT INTO pos VALUES('ede147f8-d8f2-491e-a1a9-435dad5ed032','&adv-to;');
INSERT INTO gloss VALUES('165d5745-f31b-435a-86b0-226f5e2712b7','doddering');
INSERT INTO gloss VALUES('f4557368-9197-49c5-8494-f1c549875768','tottering');
INSERT INTO gloss VALUES('2e3a128c-1ba0-451e-a9f8-065d5bb121a5','unsteady');
INSERT INTO gloss VALUES('082bfe1f-06fd-4586-8b36-af35b3e53b8c','shaky');
INSERT INTO gloss VALUES('2f72fc44-791d-472b-8e73-4a652f055a8e','decrepit');
INSERT INTO gloss VALUES('cd2e49d2-24e8-4111-8f12-8191760443ba','infirm');
INSERT INTO gloss VALUES('ee396f52-ac49-4ecf-85a3-92dd8aa5912f','frail');
INSERT INTO gloss VALUES('7565a20f-d112-494a-881a-92b0a42468e5','feeble');
INSERT INTO jmdict VALUES('1013180','NULL','よぼよぼ','0');
INSERT INTO pos VALUES('2765d358-b57d-40bd-8306-7fccf57b5344','&prt;');
INSERT INTO gloss VALUES('a93c6624-8b20-4ee6-a91c-ad3529babb3d','than');
INSERT INTO jmdict VALUES('1013190','NULL','より','0');
INSERT INTO pos VALUES('e5a8837c-c567-466c-8901-d8e40ae161de','&exp;');
INSERT INTO gloss VALUES('cd6033ee-0a41-4b80-b872-f18058eca972','according to');
INSERT INTO jmdict VALUES('1013200','依ると','よると','0');
INSERT INTO pos VALUES('aac48f1b-a99f-46ae-8adc-55a0abf966b4','&exp;');
INSERT INTO gloss VALUES('1ee0348f-2b6e-4792-a211-a679a101f2b7','according to');
INSERT INTO jmdict VALUES('1013210','NULL','よれば','0');
INSERT INTO pos VALUES('1b60fa93-4c79-405a-acb4-60216f6f78ae','&v5k;');
INSERT INTO pos VALUES('71c038a4-d347-4d25-9bc1-397f006e033f','&vi;');
INSERT INTO gloss VALUES('0aa9de4b-dbf7-4d36-93c0-cf4bba685205','to stagger');
INSERT INTO jmdict VALUES('1013220','蹌踉めく','よろめく','0');
INSERT INTO pos VALUES('bfc6ce07-1630-4d63-bd5a-6f85db5ceb23','&adv;');
INSERT INTO pos VALUES('7cc311da-cb55-4e2f-8e78-a617efb000cd','&adv-to;');
INSERT INTO pos VALUES('a7d1c617-02b2-4b70-996c-15ea06b588b3','&vs;');
INSERT INTO gloss VALUES('d5674ef1-298d-45dd-bdcc-c810d192fbb4','tottering');
INSERT INTO gloss VALUES('15b0af93-bf53-4ef8-99cb-f8aaf80efada','staggering');
INSERT INTO gloss VALUES('1c456936-e69c-4b41-af27-181e08ae61cb','faltering');
INSERT INTO gloss VALUES('4c84d301-8d57-46fb-909c-cf5e1fe8b89d','reeling');
INSERT INTO jmdict VALUES('1013230','NULL','よろよろ','0');
INSERT INTO pos VALUES('c8a819b7-accd-47a2-b011-ca3ab99ac32c','&aux-adj;');
INSERT INTO gloss VALUES('19142d7f-d341-4103-b956-bb4a70a79d9d','seeming ...');
INSERT INTO gloss VALUES('2592ca9f-faa3-46b2-ac38-f3b9df4153fc','appearing ...');
INSERT INTO jmdict VALUES('1013240','NULL','らしい','0');
INSERT INTO pos VALUES('0eb6469f-a091-45af-a71b-15e6d48c96f5','&v5aru;');
INSERT INTO pos VALUES('7e00cdd4-f785-47da-95fa-2c8c270d2a89','&vi;');
INSERT INTO gloss VALUES('5ad44f91-4488-4ebf-83ae-e31bde2edcd6','to be');
INSERT INTO gloss VALUES('c73d4694-b243-4d96-a04c-1a52445579dd','to come');
INSERT INTO gloss VALUES('63803579-e61d-454a-b17b-b0d8b9b8e09c','to go');
INSERT INTO jmdict VALUES('1013250','NULL','らっしゃる','0');
INSERT INTO pos VALUES('b2f964d3-8a35-42e8-b4f5-dbac8765ee8f','&n;');
INSERT INTO pos VALUES('ac557f35-a890-452c-8827-4cad1b89c89e','&vs;');
INSERT INTO gloss VALUES('9884fb5f-b8cf-4b33-be55-3fd2fda904f5','list');
INSERT INTO gloss VALUES('09a2b7c2-40c2-43a8-99cc-cf22d39d44f7','enumeration');
INSERT INTO jmdict VALUES('1013270','列記','れっき','0');
INSERT INTO pos VALUES('a202715a-3a15-448c-b17d-2d7b66bf457d','&n;');
INSERT INTO pos VALUES('7a1729e9-ba8c-4068-9e2c-878eff988fac','&adj-no;');
INSERT INTO gloss VALUES('b90bb9ba-bfd1-4ad2-9584-c7c96c95f65c','batik (cloth)');
INSERT INTO jmdict VALUES('1013280','ろうけつ染め','ろうけつぞめ','0');
INSERT INTO pos VALUES('03f7478f-573c-4fd1-a913-a471c456ef3e','&adj-na;');
INSERT INTO pos VALUES('80689891-36e9-4f60-a02b-6cb8ddb281c3','&n;');
INSERT INTO gloss VALUES('449a89fc-73c4-418f-8f0f-ba6d3f0dfb72','satisfactory');
INSERT INTO gloss VALUES('b8a50d9d-9c79-4826-8d33-2f8df7c1adc7','decent');
INSERT INTO gloss VALUES('cbd0aa67-55e0-4ff4-aa4d-d9913a1751a8','good');
INSERT INTO gloss VALUES('920023f5-098f-4e17-9767-c631bdd2172a','proper');
INSERT INTO gloss VALUES('862d5a30-c6b5-4ed6-a870-ea8230629b49','worthy');
INSERT INTO jmdict VALUES('1013290','碌','ろく','0');
INSERT INTO pos VALUES('279513a5-054b-415b-b74a-a4e9288e0885','&adv;');
INSERT INTO gloss VALUES('b6d2f1a1-4162-45f5-ab73-2b25036378d6','noisily');
INSERT INTO gloss VALUES('2fe9e2ae-834b-4ef7-9de6-1302beaef182','clamorously');
INSERT INTO gloss VALUES('c4aa331f-332f-4a48-a6bb-9099b3c9c434','boisterously');
INSERT INTO jmdict VALUES('1013300','NULL','ワイワイ','0');
INSERT INTO pos VALUES('0bc42b63-9c96-48f7-98ff-2947fe338605','&adv;');
INSERT INTO pos VALUES('d0911f58-003b-4763-80bd-40397cb2d821','&adv-to;');
INSERT INTO pos VALUES('bb1b356a-62d5-4c31-a263-179c433610ea','&vs;');
INSERT INTO gloss VALUES('aca8a6b8-bc11-4964-8f20-2870d95d0b18','trembling');
INSERT INTO gloss VALUES('115c5d83-9592-483a-9fba-366dd8343d9e','getting nervous');
INSERT INTO gloss VALUES('84dfcd91-2076-43d7-9df1-37ebbc0df3e7','excited');
INSERT INTO gloss VALUES('edb82180-9d77-4de4-84e1-6e3076f7179d','thrilled');
INSERT INTO jmdict VALUES('1013310','NULL','わくわく','0');
INSERT INTO pos VALUES('c02cacef-300a-4eb6-a343-2cf4ffc27ff6','&adv;');
INSERT INTO pos VALUES('0b2b1ea8-b4b5-4434-9f2d-06a4bdb3fc1f','&adv-to;');
INSERT INTO pos VALUES('249d59aa-5679-4afa-b4fe-b8cf7e1ffdff','&vs;');
INSERT INTO gloss VALUES('d6ae701c-0b2a-4ff2-81a1-94d3436e6da9','bustling');
INSERT INTO gloss VALUES('fbae82d1-65e3-4732-bfe1-3768350c3e7a','shuffling');
INSERT INTO gloss VALUES('f52b1c10-b61d-45fe-817d-15c0cc6d61f4','squirming');
INSERT INTO gloss VALUES('802e1a50-fb3b-4d51-a22d-1952100d5d55','creepy crawly');
INSERT INTO jmdict VALUES('1013320','NULL','わらわら','0');
INSERT INTO pos VALUES('ae37ba4c-5ca3-4568-ae08-02c763ff41d8','&n;');
INSERT INTO gloss VALUES('001569cc-21ba-4ee3-9900-40034e8462be','vulva');
INSERT INTO gloss VALUES('7a8bc5df-60d6-4663-a653-5c382509e553','slit');
INSERT INTO gloss VALUES('391b733d-5bd6-4b25-ad06-5597757d7d27','cunt');
INSERT INTO gloss VALUES('a0130492-30ba-41c7-8e0a-a10a6fb6b880','vagina');
INSERT INTO gloss VALUES('43388643-00ab-477d-bb1d-ca86b8810a75','twat');
INSERT INTO jmdict VALUES('1013340','NULL','ワレメちゃん','0');
INSERT INTO pos VALUES('bb2354fa-4df5-45a8-8a49-c7a27cc88c41','&unc;');
INSERT INTO gloss VALUES('906274aa-4475-450f-833d-a9e7f7bace5d','hiragana "wi" (historical kana)');
INSERT INTO jmdict VALUES('1013350','NULL','ゐ','0');
INSERT INTO pos VALUES('b054b8d2-b7d7-4dcd-b133-2acdb09472a4','&unc;');
INSERT INTO gloss VALUES('ef7fb12b-e773-49d9-b238-75fedbc183bc','hiragana "we" (historical kana)');
INSERT INTO jmdict VALUES('1013360','NULL','ゑ','0');
INSERT INTO pos VALUES('17c1535d-8697-4b2a-8e1e-4d9ebd983b96','&n;');
INSERT INTO gloss VALUES('7b827b5a-43e1-41a7-900c-9948c116e4b3','archiver');
INSERT INTO jmdict VALUES('1013370','NULL','アーカイバ','0');
INSERT INTO pos VALUES('6664fea8-b294-461a-b13a-85b94c02762f','&n;');
INSERT INTO gloss VALUES('b7819678-5c57-4ab7-bc4f-e7075c24eed9','archive');
INSERT INTO jmdict VALUES('1013380','NULL','アーカイブ','0');
INSERT INTO pos VALUES('b3afac1a-7df2-46b5-8de6-d7f95301b575','&n;');
INSERT INTO gloss VALUES('1189e772-1948-419c-a82a-d53de7c9fe6d','argyle');
INSERT INTO jmdict VALUES('1013400','NULL','アーガイル','0');
INSERT INTO pos VALUES('9b27941a-f186-4fab-8e69-25e27a82df61','&n;');
INSERT INTO gloss VALUES('d42b78fa-d9ed-427b-9587-6216d589f9ec','argyle check');
INSERT INTO jmdict VALUES('1013410','NULL','アーガイルチェック','0');
INSERT INTO pos VALUES('0d8fa793-1f2c-4d79-9fdc-d0fc3ea6ce73','&n;');
INSERT INTO gloss VALUES('697520fd-c2aa-415d-b58c-61a4a40bc73f','architecture');
INSERT INTO jmdict VALUES('1013420','NULL','アーキテクチャ','0');
INSERT INTO pos VALUES('dcc09221-bf37-41cd-8a10-69074ff30370','&n;');
INSERT INTO gloss VALUES('1a68d9da-b025-4ddb-af65-db3906694fbe','argument');
INSERT INTO jmdict VALUES('1013440','NULL','アーギュメント','0');
INSERT INTO pos VALUES('6fd9dfc2-46cf-4c52-bd71-179e1531849d','&n;');
INSERT INTO gloss VALUES('df0905aa-2771-4425-9ec2-a9240266f3ed','arc');
INSERT INTO jmdict VALUES('1013450','NULL','アーク','0');
INSERT INTO pos VALUES('b10348cc-3b43-4e5c-97b4-d3a633bcb25c','&n;');
INSERT INTO gloss VALUES('976025a6-2f6d-4ef9-a3ed-899074cec6ec','arc light');
INSERT INTO jmdict VALUES('1013460','アーク灯','アークとう','0');
INSERT INTO pos VALUES('690085d7-9883-4363-bd1d-b1b7d444e359','&n;');
INSERT INTO gloss VALUES('3af2f5f4-9d84-47fe-862b-795334f92520','arcade (street)');
INSERT INTO jmdict VALUES('1013470','NULL','アーケード','0');
INSERT INTO pos VALUES('f117c291-0646-4139-89f0-ff3ff9fe4a32','&n;');
INSERT INTO gloss VALUES('14840e8b-5a82-4f19-bc04-0b2c9461da3f','archaic smile');
INSERT INTO jmdict VALUES('1013480','NULL','アーケイックスマイル','0');
INSERT INTO pos VALUES('d67b1fe7-b75b-438f-9dbc-ae3ed556627b','&n;');
INSERT INTO gloss VALUES('6093fcfa-b391-46c4-9d2b-bd259836cb0e','ergonomics');
INSERT INTO jmdict VALUES('1013490','NULL','アーゴノミックス','0');
INSERT INTO pos VALUES('92a6bd54-799c-460f-9299-672780056069','&n;');
INSERT INTO gloss VALUES('58d68063-f725-4b9f-95f3-47823e8032b3','earth');
INSERT INTO gloss VALUES('0dfedc37-40d8-46f2-a017-ba015a8e5e6d','(electrical) ground');
INSERT INTO jmdict VALUES('1013500','NULL','アース','0');
INSERT INTO pos VALUES('ee4ff8f1-6ce7-45ec-abb2-ba06d6dc9871','&n;');
INSERT INTO gloss VALUES('9fb18110-8fea-497b-a65a-109e58d8d36b','earth color');
INSERT INTO gloss VALUES('427ce301-386c-4236-892a-c7d2d149b080','earth colour');
INSERT INTO jmdict VALUES('1013510','NULL','アースカラー','0');
INSERT INTO pos VALUES('1d068ddc-f451-4d4e-a68d-5eee83b2234f','&n;');
INSERT INTO gloss VALUES('9600de7e-c4eb-48df-b214-3a31e37d809e','Earth Day (April 22)');
INSERT INTO jmdict VALUES('1013520','NULL','アースデー','0');
INSERT INTO pos VALUES('b9bc2436-e8ed-4b98-bec7-357282ecd6c2','&n;');
INSERT INTO gloss VALUES('120895f9-bd53-4e2f-9d78-32ff9e7bfc06','arch');
INSERT INTO jmdict VALUES('1013530','NULL','アーチ','0');
INSERT INTO pos VALUES('902fd096-f42d-438d-817a-3a0a55aa9f86','&n;');
INSERT INTO gloss VALUES('1de4a701-b68d-4435-b74f-b6a668f47031','archery');
INSERT INTO jmdict VALUES('1013540','NULL','アーチェリー','0');
INSERT INTO pos VALUES('8e54b6d8-7ec5-4634-b7b5-9d939c54f9d6','&n;');
INSERT INTO gloss VALUES('a3e16028-f627-42c4-8ae3-3f1c617881ad','artisan');
INSERT INTO jmdict VALUES('1013550','NULL','アーチザン','0');
INSERT INTO pos VALUES('e5f05683-b295-42da-88c1-6c6d45a6ef23','&n;');
INSERT INTO gloss VALUES('c48d1b11-1c95-4897-864c-29f5050912b7','artist');
INSERT INTO gloss VALUES('96ac443c-2670-43f8-974b-3b11eed73889','musician');
INSERT INTO jmdict VALUES('1013560','NULL','アーティスト','0');
INSERT INTO pos VALUES('af8ece6f-2e9b-4b28-ac8f-e4e382d525c6','&n;');
INSERT INTO gloss VALUES('c8d6902c-23cb-4f11-bebb-bbdc13f91aad','arch dam');
INSERT INTO jmdict VALUES('1013570','NULL','アーチダム','0');
INSERT INTO pos VALUES('5016059b-dbf1-4e79-b7b6-a68e950cc980','&adj-na;');
INSERT INTO gloss VALUES('e428e7df-f01b-409f-aa97-7db260f7aa72','artifact');
INSERT INTO jmdict VALUES('1013580','NULL','アーチファクト','0');
INSERT INTO pos VALUES('073632b6-9122-432c-b9bc-57b4180c3a04','&n;');
INSERT INTO gloss VALUES('f6fc08b6-4e9f-4d61-9028-f7043d19e950','article');
INSERT INTO jmdict VALUES('1013590','NULL','アーティクル','0');
INSERT INTO pos VALUES('b8a87b0e-dd68-44e6-a045-1b950fe20426','&adj-na;');
INSERT INTO gloss VALUES('8af312a3-cc93-4214-81bc-183e733f51f9','artificial');
INSERT INTO jmdict VALUES('1013610','NULL','アーティフィシャル','0');
INSERT INTO pos VALUES('f2697f26-dcb9-4e21-81fb-954e77f883e7','&n;');
INSERT INTO gloss VALUES('66355292-79dc-457c-bf11-5cecc9b18f6d','artificial intelligence');
INSERT INTO jmdict VALUES('1013620','NULL','アーティフィシャルインテリジェンス','0');
INSERT INTO pos VALUES('2bb81183-b50b-403b-841f-1221fbcfe93a','&n;');
INSERT INTO gloss VALUES('ec7b3861-715c-4b4a-8d36-db994cdc6269','ardent');
INSERT INTO jmdict VALUES('1013630','NULL','アーデント','0');
INSERT INTO pos VALUES('9b34239c-cc35-473b-8ee7-952bebfca4fb','&n;');
INSERT INTO gloss VALUES('004e59f7-c7c6-4aa1-b3ef-085be3d9d4c8','art');
INSERT INTO jmdict VALUES('1013640','NULL','アート','0');
INSERT INTO pos VALUES('7ffb183e-bf31-4195-bea9-c71db021e2d5','&n;');
INSERT INTO gloss VALUES('6edaf3dc-6665-4467-ab43-e9d280d19e26','art director');
INSERT INTO jmdict VALUES('1013650','NULL','アートディレクター','0');
INSERT INTO pos VALUES('b42cadd8-71fa-42bc-bd8b-a2172341eab5','&n;');
INSERT INTO gloss VALUES('b05a6d29-e5e0-41e1-856c-f4af7b9e12fc','urbanity');
INSERT INTO jmdict VALUES('1013660','NULL','アーバニティー','0');
INSERT INTO pos VALUES('dbed844b-e827-4ef0-b57e-3494c1695bd7','&n;');
INSERT INTO gloss VALUES('7e8667c6-206c-4227-a95b-895455fd66e0','urban');
INSERT INTO jmdict VALUES('1013670','NULL','アーバン','0');
INSERT INTO pos VALUES('7a6d86a1-fb7b-477f-9bb0-e26bacb0ded8','&n;');
INSERT INTO gloss VALUES('1f61d08f-11b7-4cf6-a73f-857b942662e8','urban sprawl');
INSERT INTO jmdict VALUES('1013680','NULL','アーバンスプロール','0');
INSERT INTO pos VALUES('7a6b8ca7-7243-4e6a-9d7b-8e4f784f4c4e','&n;');
INSERT INTO gloss VALUES('31d641e4-6f50-4e56-9eb6-3bc0cc755822','urban design');
INSERT INTO jmdict VALUES('1013690','NULL','アーバンデザイン','0');
INSERT INTO pos VALUES('f99b3a85-574c-4324-9052-9a6bc5734bea','&n;');
INSERT INTO gloss VALUES('05c40d87-2dd3-42fd-95a6-94ecd4ed5e20','urban life');
INSERT INTO jmdict VALUES('1013700','NULL','アーバンライフ','0');
INSERT INTO pos VALUES('07442ea6-1b57-45e9-9341-a0ea9b8b79d6','&n;');
INSERT INTO gloss VALUES('3db1ec28-a958-4bd4-9162-65f666c94a54','urban renewal');
INSERT INTO jmdict VALUES('1013710','NULL','アーバンリニュアル','0');
INSERT INTO pos VALUES('de588960-ac7f-4470-bf29-7e5acbd96ff6','&n;');
INSERT INTO gloss VALUES('2d29b9af-0b4e-4104-adda-bda1f8e6536d','stupid person');
INSERT INTO gloss VALUES('4d8b1597-6abf-4393-95f7-b784fc1265c1','dummy');
INSERT INTO gloss VALUES('ede0cdd2-ab3f-4ee0-99a9-433af86cbbcf','dolt');
INSERT INTO jmdict VALUES('1013720','NULL','アーパー','0');
INSERT INTO pos VALUES('1d9d9428-6ae6-460f-9d6a-629c112ff91f','&n;');
INSERT INTO gloss VALUES('0cb48b34-3f05-4ef6-a7e3-dd91b65662a7','arbiter');
INSERT INTO jmdict VALUES('1013730','NULL','アービタ','0');
INSERT INTO pos VALUES('80eafc2c-6721-4f16-82af-553ab3af6ff5','&n;');
INSERT INTO gloss VALUES('7de9dae1-85bc-4421-ba23-e54105c969fa','arbitration');
INSERT INTO jmdict VALUES('1013740','NULL','アービトレーション','0');
INSERT INTO pos VALUES('159c397f-c548-49ce-a127-48a0eeda87fc','&n;');
INSERT INTO gloss VALUES('6cf35697-2762-43b8-8d65-852b12a42de2','evening');
INSERT INTO jmdict_foreign VALUES('1013750', 'ger','Abend','not waseieigo');
INSERT INTO jmdict VALUES('1013750','NULL','アーベント','1');
INSERT INTO pos VALUES('185f519e-d337-4c11-9864-6318956f4abd','&n;');
INSERT INTO gloss VALUES('48dddfca-1bfa-44c2-9e70-f3d1a9427f5a','army');
INSERT INTO jmdict VALUES('1013760','NULL','アーミー','0');
INSERT INTO pos VALUES('780b7ca3-f353-4091-81ff-564c2ad0608d','&n;');
INSERT INTO gloss VALUES('ae82360d-4ad7-4e31-8c32-dc63c5e8cde1','army blue');
INSERT INTO jmdict VALUES('1013770','NULL','アーミーブルー','0');
INSERT INTO pos VALUES('a863ff7c-2d59-4202-b453-0cfceb5e19fd','&n;');
INSERT INTO gloss VALUES('63a38416-60ea-4485-aae9-254d51ffd297','army look');
INSERT INTO jmdict VALUES('1013780','NULL','アーミールック','0');
INSERT INTO pos VALUES('fdd780d2-8544-4d3d-a596-28c448c5a5df','&n;');
INSERT INTO gloss VALUES('6d3144a8-1f66-4b87-9d36-96a3959178d3','arm');
INSERT INTO jmdict VALUES('1013790','NULL','アーム','0');
INSERT INTO pos VALUES('06c7133c-a54a-4d9a-bdc9-da9cbf6506c5','&n;');
INSERT INTO gloss VALUES('5eb9b238-5cdd-46af-af7a-2d4f17775aa7','armchair');
INSERT INTO jmdict VALUES('1013800','NULL','アームチェア','0');
INSERT INTO pos VALUES('8f2cc56c-057a-4b23-b1ac-248fa772da50','&n;');
INSERT INTO gloss VALUES('bedfcd29-e9fc-4e77-881a-40331efeaef2','armlet');
INSERT INTO jmdict VALUES('1013810','NULL','アームレット','0');
INSERT INTO pos VALUES('4838ecc4-bf5c-47f2-ab9f-a770a2dd24b4','&int;');
INSERT INTO gloss VALUES('a8fd6c4e-dc8c-4ba2-bacd-063ec1b9a611','amen');
INSERT INTO jmdict VALUES('1013820','NULL','アーメン','0');
INSERT INTO pos VALUES('1ead6018-6779-4578-aaa5-ac4aecc7b317','&n;');
INSERT INTO gloss VALUES('f7d28d97-3bd6-41cb-add7-ce46ea24d80a','almond (Prunus dulcis)');
INSERT INTO jmdict VALUES('1013830','NULL','アーモンド','0');
INSERT INTO pos VALUES('503e2b2a-2f80-4950-8e09-4485f96c9400','&n;');
INSERT INTO gloss VALUES('b30e71a1-ac82-4279-9de9-ce9cb7599dbe','early American');
INSERT INTO jmdict VALUES('1013840','NULL','アーリーアメリカン','0');
INSERT INTO pos VALUES('784c3e7d-07df-4a85-b60c-1f42a8cf2347','&n;');
INSERT INTO gloss VALUES('91ba8674-870e-4247-a492-41ac16d81800','art deco');
INSERT INTO jmdict_foreign VALUES('1013850', 'fre','art déco','not waseieigo');
INSERT INTO jmdict VALUES('1013850','NULL','アールデコ','1');
INSERT INTO pos VALUES('fc77ecd8-55a8-4f78-9d49-70123452147d','&n;');
INSERT INTO gloss VALUES('e502bb2e-8aed-40cd-8a80-52cf3baa9ce3','art nouveau');
INSERT INTO jmdict_foreign VALUES('1013860', 'fre','NULL','not waseieigo');
INSERT INTO jmdict VALUES('1013860','NULL','アールヌーボー','1');
INSERT INTO pos VALUES('5e1416f0-9919-4e25-93c3-babf08265478','&n;');
INSERT INTO gloss VALUES('35bbcbfc-ab76-4666-842a-5dedd1c98972','measure of area');
INSERT INTO jmdict_foreign VALUES('1013870', 'ger','Ar','not waseieigo');
INSERT INTO jmdict VALUES('1013870','NULL','アーレ','1');
INSERT INTO pos VALUES('cfa4e4e1-14a7-494c-a75f-3a2e9233b825','&n;');
INSERT INTO gloss VALUES('3e6ccbaa-7fbd-45cd-9eeb-b9af48cb91d1','iron (golf club)');
INSERT INTO jmdict VALUES('1013880','NULL','アイアン','0');
INSERT INTO pos VALUES('1d48bb7a-c811-431c-abdb-0bd51ecf7948','&n;');
INSERT INTO gloss VALUES('9a88dbe3-5bf8-4abe-a2be-189bd3a4b721','iron club');
INSERT INTO jmdict VALUES('1013890','NULL','アイアンクラブ','0');
INSERT INTO pos VALUES('06905965-4c85-4ca1-a369-425caa04d030','&n;');
INSERT INTO gloss VALUES('e31226ea-2d6f-41ae-a0ce-4b3eaa9b88b1','iconify');
INSERT INTO jmdict VALUES('1013910','NULL','アイコニファイ','0');
INSERT INTO pos VALUES('76020ec2-c969-4993-afe9-6295c1c2073e','&n;');
INSERT INTO gloss VALUES('2e3861ee-5fc1-446a-a52c-35b8a2699d30','icon');
INSERT INTO jmdict VALUES('1013920','NULL','アイコン','0');
INSERT INTO pos VALUES('2cc23813-e627-4a3a-a0c5-97bdef78633f','&n;');
INSERT INTO gloss VALUES('c09b45c1-210e-4578-ae96-db72387da57f','eyeshade');
INSERT INTO jmdict VALUES('1013930','NULL','アイシェード','0');
INSERT INTO pos VALUES('494d4d66-87d1-49f3-8f2e-62fad86b0c20','&n;');
INSERT INTO gloss VALUES('41be3244-494d-41dd-bc68-5831fd8c680e','eyeshadow');
INSERT INTO jmdict VALUES('1013940','NULL','アイシャドウ','0');
INSERT INTO pos VALUES('25f0058d-f949-4efa-aafd-2e4e21d228ab','&n;');
INSERT INTO gloss VALUES('e9953fbb-67ec-4782-b319-466e2e787c5a','icing');
INSERT INTO gloss VALUES('946fa85c-38a1-4a43-aa7d-2d1239c6f5c5','frosting');
INSERT INTO jmdict VALUES('1013950','NULL','アイシング','0');
INSERT INTO pos VALUES('51e42790-e7c6-4709-b4e7-ca87d8c389c2','&exp;');
INSERT INTO pos VALUES('502e1585-6696-44d1-bb4c-9dc76a6dc3c9','&n;');
INSERT INTO gloss VALUES('2082342d-9e95-4d92-a735-869ed137f857','icing the puck (ice hockey)');
INSERT INTO jmdict VALUES('1013960','NULL','アイシングザパック','0');
INSERT INTO pos VALUES('8627c213-55f3-43b0-b36f-2b6783e50bca','&n;');
INSERT INTO gloss VALUES('01a0bbc8-6e3c-4a8e-ba5b-aad114f01afb','ice');
INSERT INTO jmdict_foreign VALUES('1013970', 'eng','ice','not waseieigo');
INSERT INTO jmdict VALUES('1013970','NULL','アイス','1');
INSERT INTO pos VALUES('ce169284-1694-4f4b-bb63-67f2e5ae8eef','&n;');
INSERT INTO gloss VALUES('e4fcac4e-05d5-4540-9282-e62ef14762a0','ice cream');
INSERT INTO gloss VALUES('ca05b6b7-8b7a-42e3-b5f9-6b56d9088385','icecream');
INSERT INTO jmdict VALUES('1013980','NULL','アイスクリーム','0');
INSERT INTO pos VALUES('e6be3e30-cfef-4576-81c1-5dadd81c87fc','&n;');
INSERT INTO gloss VALUES('f4ec0e67-18ca-4a23-bd33-647784f7e5dc','chocolate-coated ice cream on a stick');
INSERT INTO jmdict_foreign VALUES('1013990', 'NULL','ice smack','waseieigo');
INSERT INTO jmdict VALUES('1013990','NULL','アイススマック','0');
INSERT INTO pos VALUES('6ef5e80c-737c-429a-8677-aa3f7ae42f1f','&n;');
INSERT INTO gloss VALUES('1ec2a31b-14e7-4a13-a504-a23688860d82','iced tea');
INSERT INTO gloss VALUES('99305ac8-fcb6-4a85-9c01-d4eddddf302a','ice tea');
INSERT INTO jmdict VALUES('1014000','NULL','アイスティ','0');
INSERT INTO pos VALUES('cdd48718-4375-48e3-9c9b-f85594a75698','&n;');
INSERT INTO gloss VALUES('41b58398-8afb-40b4-8218-8cb6f2f62def','ice tongs');
INSERT INTO jmdict VALUES('1014010','NULL','アイストング','0');
INSERT INTO pos VALUES('f11b90bf-3926-4422-8946-a8996a489c65','&n;');
INSERT INTO gloss VALUES('9c5b20e7-b95c-47ac-a33c-bef78bcacd72','ice piton');
INSERT INTO gloss VALUES('f1dbdd00-982f-4057-be82-c3e5c22c23f9','ice screw');
INSERT INTO jmdict_foreign VALUES('1014020', 'ger','Eishaken','not waseieigo');
INSERT INTO jmdict VALUES('1014020','NULL','アイスハーケン','1');
INSERT INTO pos VALUES('98aa8b32-f0d3-46e3-bd62-f5b6f61660eb','&n;');
INSERT INTO gloss VALUES('bb20de1b-31fc-4ef1-99e3-67b9be55c9d4','icy road');
INSERT INTO jmdict_foreign VALUES('1014030', 'ger','Eisbahn','not waseieigo');
INSERT INTO jmdict VALUES('1014030','NULL','アイスバーン','1');
INSERT INTO pos VALUES('c0821839-221a-4ac6-9cab-791964181df7','&n;');
INSERT INTO gloss VALUES('2f6c136b-7adb-4dc5-9b27-e535bb006bca','ice pick');
INSERT INTO jmdict VALUES('1014040','NULL','アイスピック','0');
INSERT INTO pos VALUES('835a56c1-cbca-45aa-b18c-65b3add0de78','&n;');
INSERT INTO gloss VALUES('7efee8ae-a66a-4264-a23e-76a1d831bbe6','ice pail');
INSERT INTO jmdict VALUES('1014050','NULL','アイスペール','0');
INSERT INTO pos VALUES('b0747d9e-06df-4400-94de-922bde78d0ca','&n;');
INSERT INTO gloss VALUES('870bee63-f7c4-4e72-96b3-2734df508359','ice hockey');
INSERT INTO jmdict VALUES('1014060','NULL','アイスホッケー','0');
INSERT INTO pos VALUES('ea4c9d5f-6946-4d7f-bb94-306dfce426dc','&n;');
INSERT INTO gloss VALUES('eab54d34-f417-4e8a-8488-23e414d4e408','icebox');
INSERT INTO jmdict VALUES('1014070','NULL','アイスボックス','0');
INSERT INTO pos VALUES('1a759805-3a95-4bc0-a32e-d78ceb246d2e','&n;');
INSERT INTO gloss VALUES('f2ee234e-698c-46c8-beef-17610bddcb60','metal pins of climbing shoes');
INSERT INTO gloss VALUES('1a27166f-25c4-4922-8b46-da8f340c72ae','crampons');
INSERT INTO gloss VALUES('9416b30e-d08c-4cb9-8289-edd731a9e772','climbing irons');
INSERT INTO jmdict_foreign VALUES('1014080', 'ger','Eisen','not waseieigo');
INSERT INTO jmdict VALUES('1014080','NULL','アイゼン','1');
INSERT INTO pos_word VALUES('1014080','2ee0381b-12f8-433d-8a9f-3802a8637195');
INSERT INTO gloss_word VALUES('1014080','35942c4c-5c73-4ee7-8ad2-984de1e16b01');
INSERT INTO gloss_word VALUES('1014080','726c5ec3-2117-4cdf-bac2-8bfb3c771f92');
INSERT INTO gloss_word VALUES('1014080','901b07eb-d22c-4667-bd90-2afa628280cf');
INSERT INTO pos_word VALUES('1014070','f5209103-4a6e-4f59-b34c-bb2daeab9885');
INSERT INTO gloss_word VALUES('1014070','6d2e2563-cd41-44bd-a3c4-af7674232bd6');
INSERT INTO pos_word VALUES('1014060','24d81172-a75e-4aa5-a2bd-b93d6f88972e');
INSERT INTO gloss_word VALUES('1014060','488af44f-6989-447a-99b0-352a461ff8a1');
