USE main_db;
INSERT INTO pos VALUES('50262525-501b-44d2-97c6-8f69819ba56a','&unc;');
INSERT INTO gloss VALUES('c9736e1f-8a2f-4014-b38a-ae2515634258','repetition mark in katakana');
INSERT INTO jmdict VALUES('1000000','NULL','ヽ','0');
INSERT INTO pos VALUES('b67e76fb-2f21-4ec1-b7ae-232db860cdf6','&unc;');
INSERT INTO gloss VALUES('19d0c56b-62b6-4c3a-8414-b0898129021b','voiced repetition mark in katakana');
INSERT INTO jmdict VALUES('1000010','NULL','ヾ','0');
INSERT INTO pos VALUES('45b7e998-9ecf-4e98-a50d-41147efc5864','&unc;');
INSERT INTO gloss VALUES('cf0002bb-ee00-40da-b74a-52f2875cb37e','repetition mark in hiragana');
INSERT INTO jmdict VALUES('1000020','NULL','ゝ','0');
INSERT INTO pos VALUES('2d9abb11-d9ce-4978-97d9-7db38483d6f6','&unc;');
INSERT INTO gloss VALUES('db390c04-4b4b-4ed8-9835-df644973bf1c','voiced repetition mark in hiragana');
INSERT INTO jmdict VALUES('1000030','NULL','ゞ','0');
INSERT INTO pos VALUES('ddab7aae-1a8a-4c97-ac73-c41b90ec1d0b','&n;');
INSERT INTO gloss VALUES('1726d490-e985-4278-aedc-bc6d8473a66c','ditto mark');
INSERT INTO jmdict VALUES('1000040','〃','おなじ','0');
INSERT INTO pos VALUES('a7db92ae-de6f-4d21-9ea7-2e9f687b26c7','&n;');
INSERT INTO gloss VALUES('73850cd0-da68-4f8c-a528-b96ed9d0fabb','"as above" mark');
INSERT INTO jmdict VALUES('1000050','仝','どうじょう','0');
INSERT INTO pos VALUES('ae65ddab-55b7-457c-8f03-aa42653fd371','&n;');
INSERT INTO gloss VALUES('fec21ed5-6c42-4859-b023-a7bfa6001141','kanji iteration mark');
INSERT INTO jmdict VALUES('1000060','々','のま','0');
INSERT INTO pos VALUES('4fdbabb0-af59-4bbd-87be-ab143e8a11f5','&n;');
INSERT INTO gloss VALUES('d87dd3bf-4915-4288-80e2-aec392d29a3e','"kanji" zero');
INSERT INTO jmdict VALUES('1000080','漢数字ゼロ','かんすうじゼロ','0');
INSERT INTO pos VALUES('78d990b4-385e-4277-b8dd-63405a64214a','&n;');
INSERT INTO gloss VALUES('a7395973-6408-4eb0-bf7b-38fa12c27c9f','circle (sometimes used for zero)');
INSERT INTO jmdict VALUES('1000090','○','まる','0');
INSERT INTO pos VALUES('4e734c84-a786-4805-aa98-3d00ca062d7c','&n;');
INSERT INTO gloss VALUES('c5220af7-83aa-411d-878f-d14e765ce1a2','alphabetical order');
INSERT INTO jmdict VALUES('1000100','ＡＢＣ順','エービーシーじゅん','0');
INSERT INTO pos VALUES('777f3fb2-6b25-4eb3-9434-cc8fdb4d8f4b','&n;');
INSERT INTO gloss VALUES('cd2012ec-ccb1-40fb-8c52-3beb753a53c7','CD player');
INSERT INTO jmdict VALUES('1000110','ＣＤプレーヤー','シーディープレーヤー','0');
INSERT INTO pos VALUES('19ea811c-6726-4af9-86db-68c6b444f105','&n;');
INSERT INTO gloss VALUES('3726f856-fdbc-4a8d-9d7c-a9fc4df37325','NHK Symphony Orchestra');
INSERT INTO jmdict VALUES('1000130','Ｎ響','エヌきょう','0');
INSERT INTO pos VALUES('56b3a11a-aa96-4848-ab9b-f91d45c88434','&n;');
INSERT INTO gloss VALUES('340f0e4f-8e15-4389-8d90-85ed5176f2f1','O-back');
INSERT INTO gloss VALUES('f549956d-7716-45ae-aaba-7999ca1d087a','skirt with peek-a-boo hole in rump');
INSERT INTO jmdict VALUES('1000140','Ｏバック','オーバック','0');
INSERT INTO pos VALUES('67c0416f-9785-4385-a06a-fca90863639a','&n;');
INSERT INTO gloss VALUES('99ee2aab-387c-466d-bb59-06ec57834d2b','rs232 cable');
INSERT INTO jmdict VALUES('1000150','ＲＳ２３２ケーブル','アールエスにさんにケーブル','0');
INSERT INTO pos VALUES('5022a1aa-e574-45a4-83bd-4ea52a1a9de5','&n;');
INSERT INTO gloss VALUES('b3238306-5815-437b-8e04-b3328483cbd5','T-shirt');
INSERT INTO jmdict VALUES('1000160','Ｔシャツ','ティーシャツ','0');
INSERT INTO pos VALUES('5c41dfc9-96f0-4308-a72f-0babb18ad500','&n;');
INSERT INTO gloss VALUES('c21e2882-0593-45eb-afd7-cec71b775e99','T-back');
INSERT INTO gloss VALUES('c2a30589-eef2-4dca-b4b9-5bddd0f9ce93','bikini thong');
INSERT INTO jmdict VALUES('1000170','Ｔバック','ティーバック','0');
INSERT INTO pos VALUES('e67bcd7a-dd7f-48a4-8255-f9977af6eb79','&exp;');
INSERT INTO pos VALUES('cd1661ec-4369-4fd5-bbb2-b4b4c91d3e8f','&n;');
INSERT INTO gloss VALUES('e4911fe4-1c83-4dd6-9951-31ea7b57107a','the harmonizing, mentally and physically, of two parties engaged in an activity');
INSERT INTO gloss VALUES('c4ae5a58-522d-4f2b-97c4-083156d47dc7','singing from the same hymn-sheet');
INSERT INTO gloss VALUES('81d28b88-1cb2-433e-95d9-5b1b1a29f40a','dancing to the same beat');
INSERT INTO jmdict VALUES('1000200','あうんの呼吸','あうんのこきゅう','0');
INSERT INTO pos VALUES('e3793f45-aeb7-46bb-a922-8299a2cfde5b','&n;');
INSERT INTO gloss VALUES('2b5fb02a-0cf8-4bf3-9f72-42cc9d1e3bdb','(former) regular (stops at every station) Tōhoku-line Shinkansen');
INSERT INTO jmdict VALUES('1000210','NULL','あおば','0');
INSERT INTO pos VALUES('bb1e1024-1068-449a-99b4-ab86d6d2071e','&adj-na;');
INSERT INTO gloss VALUES('3a1e7fef-fc4c-4192-9975-73155dd48a1c','obvious');
INSERT INTO gloss VALUES('077c6f5d-4c80-49a5-b3a0-5b9b39741e40','clear');
INSERT INTO gloss VALUES('86c0c0a1-535d-48f9-8970-5e67c4fa5eeb','plain');
INSERT INTO gloss VALUES('2447c771-1b92-49f0-9287-48be8857708f','evident');
INSERT INTO gloss VALUES('646c1a41-4604-4195-ba91-628af584523c','apparent');
INSERT INTO gloss VALUES('13aada1f-bb1e-4eca-92a2-e458a761fdcf','explicit');
INSERT INTO gloss VALUES('f78014b2-5948-41c6-9644-e52a570c1741','overt');
INSERT INTO jmdict VALUES('1000220','明白','めいはく','0');
INSERT INTO pos VALUES('be6b1086-4644-407c-be8e-6e82d44abce5','&adj-na;');
INSERT INTO pos VALUES('976671b0-f5bc-4d12-a4eb-37e095332e8b','&adj-no;');
INSERT INTO gloss VALUES('cf15fa85-20cf-4d5e-9642-109948bdcc50','plain');
INSERT INTO gloss VALUES('ac646905-9d15-4549-b3e8-6074d88832fd','frank');
INSERT INTO gloss VALUES('993c8d4d-690a-4698-9907-5940a2089623','candid');
INSERT INTO gloss VALUES('f5c5f525-bc4e-4ddd-a34b-f8ba7d1c230e','open');
INSERT INTO gloss VALUES('b071e945-10c8-4992-926b-54c4950054c5','direct');
INSERT INTO gloss VALUES('a161e1a8-dff6-4e36-a219-99009f604e8c','straightforward');
INSERT INTO gloss VALUES('9558f67f-ebc6-4ae4-9112-f8f9e10190b1','unabashed');
INSERT INTO gloss VALUES('a7213083-5341-43c8-ba22-cf7dffadcd70','blatant');
INSERT INTO gloss VALUES('446addbb-581d-40b0-a20e-3057946d980b','flagrant');
INSERT INTO jmdict VALUES('1000225','明白','あからさま','0');
INSERT INTO pos VALUES('1d27b198-20e5-472a-9349-4af008b1c124','&exp;');
INSERT INTO gloss VALUES('6949c464-e3e6-41a9-b36c-a3e6888d1134','useless');
INSERT INTO gloss VALUES('b7dcd71f-646c-4419-ab42-642600171630','no good');
INSERT INTO gloss VALUES('85d7765c-51dc-45fe-b488-2c3db3e3f4ad','hopeless');
INSERT INTO jmdict VALUES('1000230','明かん','あかん','0');
INSERT INTO pos VALUES('e5aba625-dc60-4f77-a536-f7ec69853553','&adj-i;');
INSERT INTO gloss VALUES('0bcdd441-e57b-4b4b-b443-31f62b5384d9','gaudy');
INSERT INTO gloss VALUES('0f0c409c-a107-4035-a6f5-8658d1fc75cc','showy');
INSERT INTO gloss VALUES('e040cc0a-41a7-48e0-914f-e9a2ee394ec1','excessive');
INSERT INTO jmdict VALUES('1000260','悪どい','あくどい','0');
INSERT INTO pos VALUES('d0df01e9-0534-4901-b50b-2d23b0f36572','&v5u;');
INSERT INTO pos VALUES('72d179d0-1ff8-4cf0-b39e-f3996631c6f0','&vt;');
INSERT INTO gloss VALUES('081fe41b-33f7-4e92-8bab-6b8dde6885f2','to discuss');
INSERT INTO jmdict VALUES('1000280','論う','あげつらう','0');
INSERT INTO pos VALUES('0c7d52d3-01b7-4326-a690-d1183ab5f2d6','&n;');
INSERT INTO gloss VALUES('791de08f-bc3d-4d21-aa59-3408e3c8f7e1','Jouetsu line express Shinkansen');
INSERT INTO jmdict VALUES('1000290','NULL','あさひ','0');
INSERT INTO pos VALUES('cf4415b1-6c0c-4af9-a62b-79fd83fc6a59','&v5u;');
INSERT INTO pos VALUES('216f8875-c669-4303-b328-9fd045d60603','&vt;');
INSERT INTO gloss VALUES('707b3043-b06c-4da1-b9e4-262c40ed24b4','to treat');
INSERT INTO gloss VALUES('65dc87dd-353b-42ca-a2f2-970779c7f691','to handle');
INSERT INTO gloss VALUES('1274fb93-b979-40ee-9dde-8c914cf04213','to deal with');
INSERT INTO jmdict VALUES('1000300','NULL','あしらう','0');
INSERT INTO pos VALUES('e928b90c-c099-41b0-8502-874399feb27a','&n;');
INSERT INTO gloss VALUES('1dc081ce-46c2-4b26-8675-45d2a67032af','Japanese andromeda (Pieris japonica)');
INSERT INTO gloss VALUES('10fd45bb-a61a-4a4c-9e2f-7fab04cd5498','lily-of-the-valley');
INSERT INTO jmdict VALUES('1000310','馬酔木','あせび','0');
INSERT INTO pos VALUES('406ac059-5005-47ac-84fb-78084626175b','&pn;');
INSERT INTO gloss VALUES('ea255731-be9c-4098-8f00-f0a7bdc64b72','there (place physically distant from both speaker and listener)');
INSERT INTO gloss VALUES('63b87ff4-8ae4-42cc-9a83-c87924fb38d0','over there');
INSERT INTO gloss VALUES('ca9025a4-ad39-4ddd-a880-c01098be85aa','that place');
INSERT INTO gloss VALUES('e6db90fa-bcef-4273-b9ec-c8544a9a6548','yonder');
INSERT INTO gloss VALUES('80d15d3f-c8f5-424b-8629-276ea42bb340','you-know-where');
INSERT INTO jmdict VALUES('1000320','彼処','あそこ','0');
INSERT INTO pos VALUES('b4147d9c-71af-42a3-8846-c48f93407b17','&adv;');
INSERT INTO pos VALUES('a34b54ca-7244-4bc4-ba86-82b9f71fc193','&adv-to;');
INSERT INTO pos VALUES('ba9274fe-0486-421c-946e-484701cfd74a','&vs;');
INSERT INTO gloss VALUES('d0291408-49b4-4403-b1fe-024d09a83a40','easily');
INSERT INTO gloss VALUES('d822a8d2-6e78-4b23-8f79-3090d4cd4334','readily');
INSERT INTO gloss VALUES('c547c737-1f1f-4268-ae37-10c23d7ad046','quickly');
INSERT INTO gloss VALUES('3a72d8f0-e3ba-4128-88d8-32725ed6c0ba','flatly (refuse)');
INSERT INTO jmdict VALUES('1000360','NULL','あっさり','0');
INSERT INTO pos VALUES('5b539cee-a08b-404a-80b8-5e56abd21f0c','&exp;');
INSERT INTO pos VALUES('22b9a944-22ac-4e53-8765-e1ccea2cd9c5','&adv;');
INSERT INTO gloss VALUES('6a671cb6-2197-4a25-ac8d-1fee7a0e3745','just like that');
INSERT INTO gloss VALUES('1567e613-0b00-40b4-9cbb-34627d4c2097','in the twinkling of an eye');
INSERT INTO gloss VALUES('ce1ec746-2b78-4483-bbe1-28b624a91ab9','in the blink of an eye');
INSERT INTO gloss VALUES('22ba6b24-5ab9-4a06-ac5e-2080fd80322b','in the time it takes to say "ah!"');
INSERT INTO jmdict VALUES('1000390','あっという間に','あっというまに','0');
INSERT INTO pos VALUES('97928c73-a765-4fe2-988c-35b2036232d9','&adv;');
INSERT INTO pos VALUES('bef40904-b1b0-46d1-98c0-a3a451eaf9f8','&adv-to;');
INSERT INTO pos VALUES('96c292b9-5514-4c45-bd45-d9b98373ee88','&vs;');
INSERT INTO gloss VALUES('20624dbd-c944-4b1d-910e-2587459efb08','floundering while nearly drowning');
INSERT INTO jmdict VALUES('1000400','NULL','あっぷあっぷ','0');
INSERT INTO pos VALUES('a000b509-19cd-4133-b290-d9fb0418ca76','&adj-i;');
INSERT INTO gloss VALUES('c8ab2386-8849-4587-96a6-d2dcd4c7a9d4','innocent');
INSERT INTO gloss VALUES('e052e69b-3288-4511-81a3-6fb44cd1da84','cherubic');
INSERT INTO jmdict VALUES('1000410','NULL','あどけない','0');
INSERT INTO pos VALUES('2da047b8-a1d7-4667-b4d9-6565edf7b266','&adj-pn;');
INSERT INTO gloss VALUES('c42b3bbf-1804-4ebe-8a59-cfb488deb1a2','that (someone or something distant from both speaker and listener, or situation unfamiliar to both speaker and listener)');
INSERT INTO jmdict VALUES('1000420','彼の','あの','0');
INSERT INTO pos VALUES('f2eebf9a-46ec-4d8d-b3ec-263b7eb50032','&int;');
INSERT INTO gloss VALUES('bdd6b61c-cd1c-4d9e-b7a6-d5afc5697940','say');
INSERT INTO gloss VALUES('e6e41d3b-fcc5-4d0a-ba30-c8fe72903c0b','well');
INSERT INTO gloss VALUES('af39ed35-4e9e-41be-a44a-a0f169bbef1c','um');
INSERT INTO gloss VALUES('f8e07d77-83b0-4dda-a02c-196b55680b1f','er');
INSERT INTO jmdict VALUES('1000430','NULL','あの','0');
INSERT INTO pos VALUES('d92eb6d7-14d2-4479-8349-efa17638eb73','&pn;');
INSERT INTO gloss VALUES('62511b89-8ade-431f-9bde-693cc788e0f3','he');
INSERT INTO gloss VALUES('8040f301-077f-4265-8d26-2735a8afb41c','she');
INSERT INTO gloss VALUES('6084cfc3-ee78-4ac6-b2fb-8497a582eba0','that person');
INSERT INTO jmdict VALUES('1000440','あの人','あのひと','0');
INSERT INTO pos VALUES('66255ab4-5d8a-4dc6-b1de-24668ae31356','&pn;');
INSERT INTO gloss VALUES('0b7c70eb-fa94-4880-9daa-cab6a5d74b4a','that gentleman');
INSERT INTO gloss VALUES('d0b62251-9a58-4523-bf21-0bbb8fc4842b','that lady');
INSERT INTO gloss VALUES('5a9e9a9e-d1bb-412c-b3c2-7182acc4930c','he');
INSERT INTO gloss VALUES('320562b3-408c-4fe1-a7e0-248636c779e2','she');
INSERT INTO jmdict VALUES('1000450','あの方','あのかた','0');
INSERT INTO pos VALUES('53b3b17a-0cbf-43d8-b89f-a6416a535bc5','&v1;');
INSERT INTO pos VALUES('abc034db-bf7c-4b19-b4c0-1a94d69b03eb','&vi;');
INSERT INTO gloss VALUES('b787fdff-2f0e-49d3-a7d2-b2b12959014b','to fail (in getting a job)');
INSERT INTO gloss VALUES('be422291-9891-4f4d-89e4-4a8539084800','to miss out (at fishing, hunting, etc.)');
INSERT INTO jmdict VALUES('1000460','溢れる','あぶれる','0');
INSERT INTO pos VALUES('936597e9-e334-47a0-a693-856bfab50925','&adj-no;');
INSERT INTO pos VALUES('93f17468-d97b-4c9f-a0db-1a1b539e855c','&adj-na;');
INSERT INTO pos VALUES('3a996a03-34aa-4f3e-bec6-32b80e52bc9e','&n;');
INSERT INTO gloss VALUES('a2f74a8b-a068-4c53-9d96-ff6d2910df94','contrary');
INSERT INTO gloss VALUES('586146f3-4f9a-40b6-a21b-78a4c8c8a94f','opposite');
INSERT INTO gloss VALUES('12ba4e17-780c-4817-91cb-f3fee63f136d','inverse');
INSERT INTO gloss VALUES('b515a48c-32d4-46d0-8b59-5125a772636a','reverse');
INSERT INTO gloss VALUES('6f2f215a-c6c1-46a7-ac87-948b9980cf86','back-to-front');
INSERT INTO jmdict VALUES('1000470','NULL','あべこべ','0');
INSERT INTO pos VALUES('ebe1f895-afdb-48ee-9309-2fef07acf181','&n;');
INSERT INTO gloss VALUES('ded21fd2-32e2-4d1d-827e-7292cc951c72','fool');
INSERT INTO gloss VALUES('a32cc176-cdaf-4712-aba6-bdb07b1ffa88','oaf');
INSERT INTO gloss VALUES('892967ca-f602-449f-9000-a33159258c90','airhead');
INSERT INTO jmdict VALUES('1000480','阿呆陀羅','あほんだら','0');
INSERT INTO pos VALUES('ed237511-e355-4e9d-8841-fe9f5c4086ce','&n;');
INSERT INTO gloss VALUES('3ecbe46b-17c3-474c-87ea-f619d3c5a52d','land-locked variety of red-spotted masu trout (Oncorhynchus masou ishikawae)');
INSERT INTO gloss VALUES('7ae0bbae-bfa0-45c7-8ef2-28fa996c3d61','amago');
INSERT INTO jmdict VALUES('1000490','甘子','あまご','0');
INSERT INTO pos VALUES('f559ffce-13c2-4767-b380-23ee70a0c171','&v5s;');
INSERT INTO pos VALUES('443c8cce-b21b-4dc5-bd22-43be93bc4a7f','&vt;');
INSERT INTO gloss VALUES('63723241-00f8-45c9-abda-838d3da75da0','to cuddle');
INSERT INTO gloss VALUES('11837161-db65-412e-8ea1-31559a1a09ec','to comfort');
INSERT INTO gloss VALUES('8023dda6-40af-4bdb-bf0c-949742b315fd','to rock');
INSERT INTO gloss VALUES('c46faa1b-c96f-4c97-a299-6bbe305c945f','to soothe');
INSERT INTO gloss VALUES('3e5ac4da-2dc0-438b-8a18-1d3b2468d375','to dandle');
INSERT INTO gloss VALUES('d986163e-3add-4f37-8086-a889acf6dc2d','to humor');
INSERT INTO gloss VALUES('c67ff87c-a911-405f-a70d-f62fd5bfde92','to humour');
INSERT INTO gloss VALUES('e7a5d1bc-2d82-4975-bbc5-224b1120bb7a','to lull');
INSERT INTO jmdict VALUES('1000500','NULL','あやす','0');
INSERT INTO pos VALUES('4bcf2a4a-6d6b-456b-b939-3be8537a9206','&adj-na;');
INSERT INTO pos VALUES('0eed899c-0da8-454b-b23b-6453f9d85b7b','&n;');
INSERT INTO gloss VALUES('374b679f-63b3-49f6-bb7b-24aa3c0aff44','uncertain');
INSERT INTO gloss VALUES('214361c7-8d1a-41d6-8a20-98668533de14','vague');
INSERT INTO gloss VALUES('2cc12810-87b5-4670-be14-155d798a7f14','ambiguous');
INSERT INTO jmdict VALUES('1000510','NULL','あやふや','0');
INSERT INTO pos VALUES('c8f42e62-3602-4d79-b50b-4cefe4ad5bac','&int;');
INSERT INTO gloss VALUES('9e9d1291-db6c-4880-87b5-bda9c6fa6fc8','oh');
INSERT INTO gloss VALUES('39f2ccd9-87b4-46cc-8bda-135d57b4bd4a','ah');
INSERT INTO jmdict VALUES('1000520','NULL','あら','0');
INSERT INTO pos VALUES('a71e1a46-3c66-44ee-9243-acc5dbba6ca1','&n;');
INSERT INTO gloss VALUES('93855bfb-8280-4eef-932c-c80e0f6b731c','saw-edged perch (Niphon spinosus)');
INSERT INTO jmdict VALUES('1000525','𩺊','あら','0');
INSERT INTO pos VALUES('a636824f-e5a8-452f-a095-fe03bb42f294','&pn;');
INSERT INTO gloss VALUES('aac31da4-d389-4f89-9045-af5ac6aebf87','that (indicating something distant from both speaker and listener (in space, time or psychologically), or something understood without naming it directly)');
INSERT INTO jmdict VALUES('1000580','彼','あれ','0');
INSERT INTO pos VALUES('d496e631-d065-4d4b-9a69-80d419aa3629','&adj-pn;');
INSERT INTO gloss VALUES('2d965883-725e-476e-a2d7-9f17dca85c40','such (about something or someone distant from both speaker and listener, or about a situation unfamiliar to both speaker and listener)');
INSERT INTO gloss VALUES('ae2f4e0e-f4ab-4669-b849-4eaeba57df17','so');
INSERT INTO gloss VALUES('f68ba1b0-f797-4681-93ef-aa46cc24eec8','that');
INSERT INTO gloss VALUES('a9e3cf13-9553-4b0f-8464-31a4d19b57ad','sort of');
INSERT INTO jmdict VALUES('1000590','NULL','あんな','0');
INSERT INTO pos VALUES('08336166-8122-4eae-b38b-f728d53a0816','&exp;');
INSERT INTO gloss VALUES('d36f04ae-1674-4bf4-88b0-66457336992b','shape up!');
INSERT INTO gloss VALUES('07653cc6-362e-45d5-a1a6-92fb25283a03','act properly!');
INSERT INTO jmdict VALUES('1000600','いい加減にしなさい','いいかげんにしなさい','0');
INSERT INTO pos VALUES('95f7af32-9077-443e-8843-7d1ff8a1ae1e','&exp;');
INSERT INTO gloss VALUES('451d6033-461a-423c-8d3c-12d56e185f69','(in spite of) being old enough to know better');
INSERT INTO jmdict VALUES('1000610','いい年をして','いいとしをして','0');
INSERT INTO pos VALUES('b4b94962-53ea-4260-9b09-cf84e8dbe0f8','&int;');
INSERT INTO gloss VALUES('2c11249e-0355-446e-85c7-73fce4b9cb05','no!');
INSERT INTO gloss VALUES('519bd2db-6b1e-48a6-b9f7-bab9549b5234','no no!');
INSERT INTO gloss VALUES('c1c7c61a-9fe8-4295-bd4d-e76b810dc452','no, not at all');
INSERT INTO jmdict VALUES('1000620','否々','いやいや','0');
INSERT INTO pos VALUES('b6cdd8c9-36f3-4d2b-b954-6aa32c4a25af','&adj-i;');
INSERT INTO gloss VALUES('5b423dae-f231-4c7e-a488-53676a6fe28c','suspicious');
INSERT INTO gloss VALUES('fc1c0a0f-3dcf-4c4b-9972-6aae1d7fd439','dubious');
INSERT INTO gloss VALUES('ed6e11d4-2e13-4fa4-9cca-3f59d36d6ed5','unreliable');
INSERT INTO jmdict VALUES('1000630','如何わしい','いかがわしい','0');
INSERT INTO pos VALUES('30f6b4ba-d0ab-4e88-8184-ca99e5867ca7','&v5s;');
INSERT INTO pos VALUES('860f453f-dc76-449f-ae93-19d0c79fd7ff','&vi;');
INSERT INTO gloss VALUES('3d8b7b05-2f07-46fd-ae3a-30aaa043035a','to be smart');
INSERT INTO gloss VALUES('aab7c85a-82cc-4469-a006-6ed29e83d198','to be cool');
INSERT INTO gloss VALUES('017acdf4-b02a-4720-9bec-1694392b4a7b','to be sharp');
INSERT INTO gloss VALUES('7938009d-e356-441a-9b7d-d3819f409f5e','to be stylish');
INSERT INTO jmdict VALUES('1000640','NULL','いかす','0');
INSERT INTO pos VALUES('aaadb72f-1167-4554-80f9-298e5fd523de','&exp;');
INSERT INTO gloss VALUES('af109787-449f-4208-973a-1e30cdccf7d3','in any case');
INSERT INTO gloss VALUES('041a1068-28eb-4b6c-8c79-5e146987caf4','whatever the case may be');
INSERT INTO jmdict VALUES('1000650','いかなる場合でも','いかなるばあいでも','0');
INSERT INTO pos VALUES('a2680293-768f-4bd5-a8f1-5651cffdf022','&adv;');
INSERT INTO pos VALUES('1adcc4c1-cc2f-406a-bf63-564a8824ad15','&int;');
INSERT INTO gloss VALUES('4232b799-8f1e-449f-909f-9de08c702509','indeed');
INSERT INTO gloss VALUES('583957e9-540a-475a-a54e-fe7377ef7744','really');
INSERT INTO gloss VALUES('2f1691d6-40e4-4008-b106-f565c70d21cd','phrase indicating agreement');
INSERT INTO jmdict VALUES('1000660','如何にも','いかにも','0');
INSERT INTO pos VALUES('de46491e-55cf-4e6a-b91b-54e1a302dbb7','&adv;');
INSERT INTO pos VALUES('559bf62a-0c1d-4d04-872f-c6998c004bde','&adj-no;');
INSERT INTO gloss VALUES('3b5069a5-62b1-4321-8d69-41f3988a4b2b','many');
INSERT INTO gloss VALUES('96000bdf-9d0d-4866-a7e4-135fee8f4ce1','much');
INSERT INTO gloss VALUES('97857456-5ff2-4aca-91f1-9f2875c64ca0','plenty');
INSERT INTO jmdict VALUES('1000710','幾つも','いくつも','0');
INSERT INTO pos VALUES('f8d3ca63-b11a-4855-a31b-6619894f8587','&exp;');
INSERT INTO gloss VALUES('195a94f5-a21b-4b6b-b461-2b4a4225f2de','wrong');
INSERT INTO gloss VALUES('fbc3e7f3-f523-4bbb-b377-758165b15e4f','not good');
INSERT INTO gloss VALUES('e3ade1cf-c1d3-4f27-a6c0-98aea9074201','of no use');
INSERT INTO jmdict VALUES('1000730','行けない','いけない','0');
INSERT INTO pos VALUES('fd0d16c5-af07-4cc3-a7c8-aa4db0187ca8','&n;');
INSERT INTO gloss VALUES('6c090aad-dbc8-4984-8948-559ce859368c','stubborn person');
INSERT INTO gloss VALUES('c60e1f1b-87ae-441c-905b-5448ce346197','strong-minded person');
INSERT INTO gloss VALUES('60a125bb-a03b-4063-9f39-bb41aec8e5fc','obstinate person');
INSERT INTO jmdict VALUES('1000740','NULL','いごっそう','0');
INSERT INTO pos VALUES('7f5bad24-d174-4f4c-b6e4-9b515cb06b96','&adv;');
INSERT INTO pos VALUES('8683da68-417b-4eb4-8d3b-7a34c2a272e6','&int;');
INSERT INTO gloss VALUES('eac90400-0247-46ae-b828-7ebc932925c3','now');
INSERT INTO gloss VALUES('78bda7e4-8ee6-453b-a8cc-d31a5fc9100c','come (now)');
INSERT INTO gloss VALUES('381a0a24-54a8-4a37-bb31-e65c2a25e8d4','well');
INSERT INTO jmdict VALUES('1000750','NULL','いざ','0');
INSERT INTO pos VALUES('b1413de3-b904-4b8a-8c80-1e046f3548bc','&n;');
INSERT INTO gloss VALUES('c50f590d-b676-446e-8161-fee8e85cbc36','trouble');
INSERT INTO gloss VALUES('dfaa494f-8965-416b-8652-f44c662c3559','quarrel');
INSERT INTO gloss VALUES('34be174f-2e2d-48a0-881c-c5e0301834ca','difficulties');
INSERT INTO gloss VALUES('b2e6f4f3-1727-4933-9f0d-6373dd7e5ec2','complication');
INSERT INTO gloss VALUES('214eb911-cbb1-4aaa-be69-540370246eed','tangle');
INSERT INTO jmdict VALUES('1000760','NULL','いざこざ','0');
INSERT INTO pos VALUES('e3b9963f-7f1e-4398-9425-6a8c736aee44','&adv;');
INSERT INTO pos VALUES('975ad9e6-8f59-4c97-9e8d-0508a08255f9','&adv-to;');
INSERT INTO pos VALUES('d6d5d82f-cc12-4866-901b-1b8792f30489','&vs;');
INSERT INTO gloss VALUES('4564c71d-a589-45da-b76d-18426c8b6bc0','hesitantly');
INSERT INTO gloss VALUES('5edc4e54-2b5b-4e1c-9c20-f4df766a6d2a','timidly');
INSERT INTO gloss VALUES('375eea19-9f33-4c23-a66f-e313cb32ce99','diffidently');
INSERT INTO jmdict VALUES('1000770','NULL','イジイジ','0');
INSERT INTO pos VALUES('c0cf1bd3-ffcb-4ec5-bac8-8766bf8e690e','&v1;');
INSERT INTO pos VALUES('d3bbc979-fe6f-4e7a-9aaa-5e291f5d5d9f','&vi;');
INSERT INTO gloss VALUES('5f019bae-4413-441e-b0bf-2ecbf1bef882','to grow timid');
INSERT INTO gloss VALUES('5a94633c-1f6c-4690-b170-bbd96d710b9e','to cower');
INSERT INTO gloss VALUES('cc19d523-f04b-476d-a05c-45acfc5a6fe3','to shrink');
INSERT INTO gloss VALUES('75179bc2-30d7-4156-8363-26ee2cad3cfc','to lose ones nerve');
INSERT INTO jmdict VALUES('1000780','NULL','いじける','0');
INSERT INTO pos VALUES('c43a8c17-aecf-4b8a-a899-d9d63b7d859a','&adj-i;');
INSERT INTO gloss VALUES('5128831a-76e6-4535-9dfe-2861cda07fd6','piddling');
INSERT INTO gloss VALUES('310ecc3b-6bbf-4a17-8b60-5ca4ebd2827c','paltry');
INSERT INTO jmdict VALUES('1000790','NULL','いじましい','0');
INSERT INTO pos VALUES('bf84c84c-7bd0-4bde-aa44-800a26be0df0','&adj-i;');
INSERT INTO gloss VALUES('3bb99984-ff5c-4c57-a5f1-f998b201d61f','innocent');
INSERT INTO gloss VALUES('c96fd8d8-a64b-4dd3-8223-d98f5b0a6b1c','lovable');
INSERT INTO gloss VALUES('d2e2610e-b066-4acb-809a-89444c548cc8','sweet');
INSERT INTO gloss VALUES('453726e1-689b-4a1f-a284-b7b358fe1001','pitiful');
INSERT INTO gloss VALUES('16eb2510-0b69-4a6b-88ef-67bc0fc58a6e','pathetic');
INSERT INTO jmdict VALUES('1000800','NULL','いじらしい','0');
INSERT INTO pos VALUES('91939fee-661e-4dca-a8b7-2a1001f0f243','&v5s;');
INSERT INTO gloss VALUES('3194c22b-6c02-4584-b44f-05063eb3bdcc','to tinker with');
INSERT INTO gloss VALUES('d4ccc347-817f-4537-b8ff-f3719c081089','to fumble with');
INSERT INTO gloss VALUES('f11bc9a8-e0f5-4581-8340-0a3fab46c580','to twist up');
INSERT INTO jmdict VALUES('1000810','いじり回す','いじりまわす','0');
INSERT INTO pos VALUES('cb4c0456-8503-479e-b60c-617577f08f45','&adv-to;');
INSERT INTO pos VALUES('76177fa8-1d1d-4a20-b92e-a8b309952848','&adv;');
INSERT INTO pos VALUES('a5ccc765-a1f8-42e6-a173-395574363580','&vs;');
INSERT INTO gloss VALUES('9289ec5a-ff71-4ec9-be9f-a4b5bdfb4c0e','cheerfully');
INSERT INTO gloss VALUES('12434660-7f97-430c-aece-dfe8e3fe3069','excitedly');
INSERT INTO jmdict VALUES('1000820','NULL','いそいそ','0');
INSERT INTO pos VALUES('7f5bd31b-1b2b-43a1-84b6-101d3be6b545','&adv;');
INSERT INTO pos VALUES('6cad5103-cf81-49db-9fc6-dd40bde0fbbd','&vs;');
INSERT INTO gloss VALUES('04b57a00-3a1e-4dec-a83a-1666f633c8e4','flirting');
INSERT INTO gloss VALUES('29c0842f-83aa-4996-b1fb-92ac55965e5a','making out');
INSERT INTO jmdict VALUES('1000830','NULL','イチャイチャ','0');
INSERT INTO pos VALUES('56d852e7-2e57-4c96-bf56-0fdbe645195e','&v5k;');
INSERT INTO pos VALUES('df6b0550-7985-4623-8d61-912bb07e0dbb','&vi;');
INSERT INTO gloss VALUES('efb11352-c055-438d-9f63-e6bf072ff6f4','to flirt with');
INSERT INTO gloss VALUES('b3d990cd-2d3b-4c56-bd73-9371a1f37370','to dally');
INSERT INTO jmdict VALUES('1000840','NULL','いちゃつく','0');
INSERT INTO pos VALUES('dbe72ee4-d0af-4066-9b81-bb90604721ba','&adv;');
INSERT INTO gloss VALUES('ea24c6d2-8f24-4d30-bc31-dccabb96feb0','more than usual');
INSERT INTO jmdict VALUES('1000860','何時もより','いつもより','0');
INSERT INTO pos VALUES('66937fc0-e738-4c7e-aad8-1ec5c5a09285','&adv;');
INSERT INTO gloss VALUES('ee9a7c4f-4fce-4c47-912b-f0ba3b70e547','very easily');
INSERT INTO jmdict VALUES('1000870','いとも簡単に','いともかんたんに','0');
INSERT INTO pos VALUES('054c873c-8354-477a-9cd1-107dedaf54e6','&adj-na;');
INSERT INTO gloss VALUES('fb9a412d-60cb-44ae-a8b8-e8767cc0cf08','gallant');
INSERT INTO gloss VALUES('f3daa1bf-fb86-48e1-a384-9ffabe29cb10','dashing');
INSERT INTO gloss VALUES('80cc66d3-dfe6-4b00-8c75-9aa73703f920','smart');
INSERT INTO jmdict VALUES('1000880','鯔背','いなせ','0');
INSERT INTO pos VALUES('9b4026d0-26ce-4018-8be0-6b5645987d9b','&v5k;');
INSERT INTO pos VALUES('0356d9c9-4893-4af8-9073-40074d420d93','&vi;');
INSERT INTO gloss VALUES('5f901c5a-f743-4197-beeb-d340f3e94049','to neigh');
INSERT INTO jmdict VALUES('1000885','嘶く','いななく','0');
INSERT INTO pos VALUES('25379b1b-0b3d-488e-9533-69f6e1a53000','&n;');
INSERT INTO gloss VALUES('6a458e49-f084-40c9-b3d5-bab16a41177f','neigh');
INSERT INTO gloss VALUES('65427280-3bd8-4419-adb6-515aefb2c947','whinny');
INSERT INTO gloss VALUES('9c5a4514-acff-4438-bab9-7edd84ffe25a','bray');
INSERT INTO jmdict VALUES('1000890','嘶き','いななき','0');
INSERT INTO pos VALUES('f21046fa-edd6-4c7a-b11c-b4e0cdad7323','&v5r;');
INSERT INTO pos VALUES('fc750f05-1537-4b0a-addb-28969ccae5fc','&vt;');
INSERT INTO gloss VALUES('cfef13e3-ce6c-4108-912e-5ec2b2e6f648','to pick on');
INSERT INTO gloss VALUES('c560a0f2-7209-4c46-803d-25ec18cfb8ef','to tease');
INSERT INTO jmdict VALUES('1000900','NULL','いびる','0');
INSERT INTO pos VALUES('1a31ddda-e303-45da-97da-953369672443','&adv;');
INSERT INTO gloss VALUES('6a858017-1019-454e-a277-c861d9dfdd69','awfully');
INSERT INTO gloss VALUES('5a4d0d8b-7079-4730-aa83-f98d18830c12','terribly');
INSERT INTO jmdict VALUES('1000910','嫌に','いやに','0');
INSERT INTO pos VALUES('52554c41-a8e3-4d70-a443-73ef93e75935','&int;');
INSERT INTO gloss VALUES('0b017468-324a-4223-8fb2-bd059fb60778','come');
INSERT INTO gloss VALUES('d54af3d9-88e3-4ab6-97a9-83490f255bda','go');
INSERT INTO gloss VALUES('d05b2fdb-2e51-416f-ac1c-bc19cdd44d0b','stay');
INSERT INTO jmdict VALUES('1000920','NULL','いらっしゃい','0');
INSERT INTO pos VALUES('ce6250ab-bedd-476c-8601-facf2b48ef31','&exp;');
INSERT INTO gloss VALUES('2648900b-38a2-42de-9f25-f3e5a840cc64','welcome (in shops, etc.)');
INSERT INTO jmdict VALUES('1000930','NULL','いらっしゃいませ','0');
INSERT INTO pos VALUES('4e930ec8-4a3a-4247-aa92-134c04d7a5ec','&v5aru;');
INSERT INTO pos VALUES('9c3f050f-6862-4937-9b86-0b79287f0e78','&vi;');
INSERT INTO gloss VALUES('197cd32b-b607-4ca0-bad5-04a5b0b5ba32','to come');
INSERT INTO gloss VALUES('41a70a92-e6ff-416b-b557-e40e8bf21f52','to go');
INSERT INTO gloss VALUES('ee25f648-a4ac-4606-91d6-c8cd19992ac2','to be (somewhere)');
INSERT INTO jmdict VALUES('1000940','NULL','いらっしゃる','0');
INSERT INTO pos VALUES('09a0318d-f7c6-4fc3-8616-85aa1b8d5908','&adv;');
INSERT INTO pos VALUES('77829361-03cb-4395-b514-cf3c3b912610','&adv-to;');
INSERT INTO pos VALUES('cdb2926e-0144-4270-9588-d05a36ce2db8','&vs;');
INSERT INTO gloss VALUES('9781a25b-41f8-4f53-bf78-5efaf9e1cefb','irresolute');
INSERT INTO gloss VALUES('2fdebdf2-19e4-45cf-8dbe-979259c695b6','hesitant');
INSERT INTO jmdict VALUES('1000960','NULL','うじうじ','0');
INSERT INTO pos VALUES('c857e95a-1d4e-4a52-85aa-3c8ca0886a8f','&adv;');
INSERT INTO pos VALUES('29069dd7-e04f-4a56-adf6-d76a688f5369','&adv-to;');
INSERT INTO pos VALUES('e5227ce3-9425-4221-ad79-3ac31b888f66','&vs;');
INSERT INTO gloss VALUES('02b06a72-e809-484d-8303-0b4e11ea3587','in swarms');
INSERT INTO gloss VALUES('32d177b6-bb3c-42b9-aa62-358c5917aac9','in clusters');
INSERT INTO jmdict VALUES('1000970','NULL','うじゃうじゃ','0');
INSERT INTO pos VALUES('59feb372-822b-4162-aa8d-b484cc9834f9','&adv;');
INSERT INTO pos VALUES('dd5038e9-5da7-4a99-abe7-3ab5f0ed1707','&adv-to;');
INSERT INTO pos VALUES('6d87c4e8-5bda-42e6-a220-21578acb96e9','&vs;');
INSERT INTO gloss VALUES('f7c26b80-30a1-42f1-a47a-fa9d4bdd924a','itching to do something');
INSERT INTO gloss VALUES('b68ffdde-7ac1-441e-9bdc-975db11753d4','impatient');
INSERT INTO gloss VALUES('82a7de02-1cf7-458c-bd46-4ddc75abaee8','sorely tempted');
INSERT INTO gloss VALUES('fa645972-399c-410f-b512-cedcbaa17d3c','eager');
INSERT INTO jmdict VALUES('1000980','NULL','うずうず','0');
INSERT INTO pos VALUES('f3e4c598-332c-4028-8866-2c5458f7799c','&adv;');
INSERT INTO gloss VALUES('46f9335a-3d14-45f6-8fb2-f7dc34419a36','irrepressibly aroused (esp. sexually)');
INSERT INTO gloss VALUES('b9458447-eddc-415d-9971-f4f94b05267b','stimulated');
INSERT INTO jmdict VALUES('1000990','NULL','うぞうぞ','0');
INSERT INTO pos VALUES('2b94d185-c6b7-4d42-a47d-696845af35f8','&adv;');
INSERT INTO pos VALUES('fadb0c77-4cf5-45fc-ba1f-d23603a272b0','&vs;');
INSERT INTO gloss VALUES('3c78ae5d-6f17-4fa8-8eb4-e22a0ddbc272','going on and on (about inconsequential things)');
INSERT INTO gloss VALUES('1d9bb212-d238-48aa-ad7a-fbe62c63ddc0','talking nonsense');
INSERT INTO jmdict VALUES('1001000','NULL','うだうだ','0');
INSERT INTO pos VALUES('1227cb98-79f9-4e49-a1cd-e157509d345a','&adv;');
INSERT INTO pos VALUES('c408a65a-286c-4fc7-af3f-d7f403d8f1e3','&adv-to;');
INSERT INTO pos VALUES('f74230a5-fc45-4aa9-ae11-1260b4d1bc41','&vs;');
INSERT INTO gloss VALUES('36b0d9ab-ad9e-4980-89e1-934222d90a5d','carelessly');
INSERT INTO gloss VALUES('aac6ad4b-d9e2-482e-b5e4-80426b2ad8af','thoughtlessly');
INSERT INTO gloss VALUES('189ac018-2aee-4643-bf2b-d4d52c7e8781','inadvertently');
INSERT INTO jmdict VALUES('1001010','NULL','うっかり','0');
INSERT INTO pos VALUES('45b66786-a856-43c3-8f1a-6067777501ba','&adv;');
INSERT INTO pos VALUES('967a0127-f735-4e0a-b154-00385b43fe7c','&adv-to;');
INSERT INTO pos VALUES('f9a898e4-3f4e-483d-84f9-4c802510654b','&vs;');
INSERT INTO gloss VALUES('3fc5974a-4d20-4d1f-8019-317ee843c23b','falling into a doze');
INSERT INTO gloss VALUES('a0b5f03c-72e3-46bc-b12b-942b11600c60','dozing off');
INSERT INTO gloss VALUES('ded627d0-0869-49b0-b8e0-313cd869c6e6','nodding off');
INSERT INTO jmdict VALUES('1001030','NULL','うとうと','0');
INSERT INTO pos VALUES('8ae6e8bc-fde3-4f6a-9d12-252287e997f4','&adv;');
INSERT INTO pos VALUES('46493875-5d46-46c1-a87e-29b1cc8cee72','&adv-to;');
INSERT INTO pos VALUES('85a001fe-0a34-462e-8590-72f72c19276c','&vs;');
INSERT INTO gloss VALUES('788b53b2-e466-4dd1-ab2d-a4f682c4d937','winding');
INSERT INTO gloss VALUES('2c40875a-da86-4ddd-af58-1871789e48f3','meandering');
INSERT INTO gloss VALUES('c9da6fe5-aa1b-4262-9f10-26300a5d2427','zigzagging');
INSERT INTO gloss VALUES('ed67ca13-66f5-447e-8d84-0640beb29005','zig-zag');
INSERT INTO gloss VALUES('1fb71f06-ad36-4d72-b3fd-c0174f46b927','in twists and turns');
INSERT INTO gloss VALUES('b21fa01a-fee3-47e9-af6a-c6a4f67240fd','sinuously');
INSERT INTO gloss VALUES('90dcc01c-8572-489f-b217-d820a632fd54','tortuously');
INSERT INTO jmdict VALUES('1001040','NULL','うねうね','0');
INSERT INTO pos VALUES('4c965024-0d3f-4198-9176-a5611e14ace8','&n;');
INSERT INTO gloss VALUES('1220b9d8-4da4-48ee-9b50-f5df10ba9a39','undulation');
INSERT INTO gloss VALUES('b8a0f06f-caf2-4a8f-a5bf-18a4a01f7eff','winding');
INSERT INTO gloss VALUES('7fffdd15-8d8d-442a-ae7f-f615cfdfdc16','meandering');
INSERT INTO jmdict VALUES('1001050','畝ねり','うねり','0');
INSERT INTO pos VALUES('51ca7c42-dcbd-4dd0-a393-b472ccdcd7f7','&adv;');
INSERT INTO pos VALUES('a110247d-9efc-4d1c-8b4f-09a92acd5148','&adv-to;');
INSERT INTO gloss VALUES('c1d54fec-9ea5-4d93-98e1-2667ad42a2b1','restlessly');
INSERT INTO gloss VALUES('fadbda01-a3c0-40fe-9da6-9f79230a9d5f','aimlessly');
INSERT INTO gloss VALUES('9ba71da9-be40-4a0b-83af-ae1ec42af190','without purpose');
INSERT INTO jmdict VALUES('1001060','NULL','うろうろ','0');
INSERT INTO pos VALUES('0905f91d-d5aa-498c-9cd8-3aa6ff101337','&v1;');
INSERT INTO pos VALUES('15f8b9a7-abbd-4c5e-a95a-4bbacd952a48','&vi;');
INSERT INTO gloss VALUES('2b49df60-f30e-4732-9f4f-9bd97d734c33','to be flustered');
INSERT INTO gloss VALUES('f4546aaa-b8e7-4ede-b08e-92da5868ed8c','to lose ones presence of mind');
INSERT INTO jmdict VALUES('1001070','狼狽える','うろたえる','0');
INSERT INTO pos VALUES('b7d477c6-539b-4268-8496-e8431e28fedb','&int;');
INSERT INTO gloss VALUES('629488c5-baa0-475c-abef-4128b02d7ec3','yes');
INSERT INTO gloss VALUES('79d8d2ee-27bb-4c7b-85be-f039d42b4a4d','yeah');
INSERT INTO gloss VALUES('a46563c5-bfd3-4927-ac66-816881839606','uh huh');
INSERT INTO jmdict VALUES('1001090','NULL','うん','0');
INSERT INTO pos VALUES('153e85d6-dd70-4711-9f72-cd3d0f74d716','&n;');
INSERT INTO pos VALUES('08917ef6-30e6-446e-a0e5-7bfbc1a3b717','&vs;');
INSERT INTO gloss VALUES('fa7081f8-512a-4c70-85e4-650dd53817eb','poop');
INSERT INTO gloss VALUES('639cf0f8-652a-416f-9fcc-2da464c11de5','faeces');
INSERT INTO gloss VALUES('3a7a5493-3a0a-4913-9fff-1001a9904ed7','feces');
INSERT INTO jmdict VALUES('1001100','NULL','うんこ','0');
INSERT INTO pos VALUES('1f567c58-2c49-4c13-8d7e-9a39521288c8','&adv;');
INSERT INTO pos VALUES('e20e12ab-ee4b-4b9b-8f9a-b8d2531ebf8f','&adv-to;');
INSERT INTO pos VALUES('173b979c-f97e-45f4-9c58-8d4316908ed4','&vs;');
INSERT INTO gloss VALUES('570004a0-0fa7-494b-bec5-19bcdbcdf780','tedious');
INSERT INTO gloss VALUES('7d080aeb-9c48-422e-a567-052f108f91be','boring');
INSERT INTO gloss VALUES('20e46532-6a8d-453a-a9b2-fc740e1ce83d','being fed up with');
INSERT INTO jmdict VALUES('1001110','NULL','うんざり','0');
INSERT INTO pos VALUES('6945eef4-d9a9-4d1d-87be-8a457c4af826','&n;');
INSERT INTO pos VALUES('0753f93d-67f7-4594-a343-505665811b94','&vs;');
INSERT INTO gloss VALUES('dc56d7d8-04ed-4e03-b1e2-4cbc837a2b22','poop');
INSERT INTO gloss VALUES('eb4a67b9-727c-4c70-a55e-15a18e410fae','faeces');
INSERT INTO gloss VALUES('630e0043-5e21-41bf-87bc-4a4c63f016a9','feces');
INSERT INTO jmdict VALUES('1001120','NULL','うんち','0');
INSERT INTO pos VALUES('44747471-4127-46a9-9927-19189ccb945f','&n;');
INSERT INTO gloss VALUES('13bda731-84cf-44ac-ad5f-0988ae54e9d6','ray (any fish of superorder Batoidea)');
INSERT INTO jmdict VALUES('1001130','鱝','えい','0');
INSERT INTO pos VALUES('0cbc11f4-8d31-4922-871a-668673fc83bb','&int;');
INSERT INTO gloss VALUES('269828d7-498d-4f0e-bb71-591fc8beddbd','yes');
INSERT INTO gloss VALUES('e7d822f1-1d4c-4a29-aa26-2cde0c4e5254','that is correct');
INSERT INTO gloss VALUES('00518777-048f-4746-8560-1a15cb4707d3','right');
INSERT INTO jmdict VALUES('1001140','NULL','ええ','0');
INSERT INTO pos VALUES('42dc58a9-0f07-4e23-9873-61c62ef25683','&int;');
INSERT INTO gloss VALUES('478e7ed7-b66a-4668-8a30-104d96329d91','let me see');
INSERT INTO gloss VALUES('48b7832c-d553-4d9e-bff4-34ff31867c79','well');
INSERT INTO gloss VALUES('b97b97a0-8ef2-424f-9690-2faa744a89ec','errr ...');
INSERT INTO gloss VALUES('103feda6-c804-4821-a837-3025b153b88d','uhh ...');
INSERT INTO jmdict VALUES('1001150','NULL','えっと','0');
INSERT INTO pos VALUES('4a27ca9a-351f-4889-88cf-1cd7e4252a2e','&adj-i;');
INSERT INTO gloss VALUES('0e1996e3-0b7c-43bf-af1b-6ffc9673606f','dirty');
INSERT INTO gloss VALUES('82a54f9b-3d80-4a91-9d94-d2eb7af77a29','vulgar');
INSERT INTO gloss VALUES('42bc408a-4bcf-4ca1-abaf-23a34d186d07','nasty');
INSERT INTO jmdict VALUES('1001160','NULL','えげつない','0');
INSERT INTO pos VALUES('0d43397c-e4a9-4409-b60e-f0f906398039','&n;');
INSERT INTO gloss VALUES('a45aedcd-ce92-45c4-a121-439a38183143','Japanese grenadier anchovy (Coilia nasus)');
INSERT INTO jmdict VALUES('1001170','斉魚','えつ','0');
INSERT INTO pos VALUES('6986b3cc-0025-43bf-8b15-dce725dcdce0','&exp;');
INSERT INTO pos VALUES('ade25e0e-ef2d-406c-88e2-338f7fbc6799','&v5r;');
INSERT INTO gloss VALUES('e8c1a1a5-d58e-4945-829d-731653f0b669','to be');
INSERT INTO jmdict VALUES('1001180','お出でになる','おいでになる','0');
INSERT INTO pos VALUES('82971907-84ef-4b55-ae57-2ef72e445fb0','&exp;');
INSERT INTO gloss VALUES('892d9a77-3d51-4481-aed6-5a7161aa70cd','welcome (in shops, etc.)');
INSERT INTO jmdict VALUES('1001190','NULL','おいでやす','0');
INSERT INTO pos VALUES('d42fa4ae-9aac-417d-a369-796e815eca9d','&int;');
INSERT INTO gloss VALUES('ff620a97-6f45-42c7-a2e2-dfe763850a41','hey!');
INSERT INTO gloss VALUES('850067e7-17c7-4aeb-a787-0df43df8205f','oi!');
INSERT INTO gloss VALUES('6fdaa3da-225c-499e-9e40-48c976a34b2c','ahoy!');
INSERT INTO jmdict VALUES('1001200','NULL','おい','0');
INSERT INTO pos VALUES('6f9d7452-b819-4b93-9b40-345e2cfc80e4','&n;');
INSERT INTO gloss VALUES('88948c36-7ce4-461f-b213-e67ec4bac728','style of Japanese folk song associated with Niigata Prefecture');
INSERT INTO jmdict VALUES('1001220','NULL','おけさ','0');
INSERT INTO pos VALUES('6ed4473c-1dfa-453a-80c4-1bddb003434a','&n;');
INSERT INTO gloss VALUES('4ec22d16-e5ef-4ccc-9f24-9e056fa95142','style of Japanese folk song associated with Niigata Prefecture');
INSERT INTO jmdict VALUES('1001230','おけさ節','おけさぶし','0');
INSERT INTO pos VALUES('6937b8a2-9202-483c-8b0e-8e02ffe27e4d','&exp;');
INSERT INTO gloss VALUES('3413148e-87d8-4d53-a342-3100333328b9','welcome (in shops, etc.)');
INSERT INTO jmdict VALUES('1001240','NULL','おこしやす','0');
INSERT INTO pos VALUES('1fed5b74-2d65-4509-9471-9696c7d9b231','&exp;');
INSERT INTO pos VALUES('cd965116-6efa-4a84-ba78-108262186a8a','&v5r;');
INSERT INTO gloss VALUES('47e676bb-14ca-4c5f-b724-7ddedcb0a068','to not be taken seriously');
INSERT INTO jmdict VALUES('1001250','お座なりになる','おざなりになる','0');
INSERT INTO pos VALUES('22574471-457b-43b8-bf97-41a7005ab63f','&n;');
INSERT INTO pos VALUES('6aae8502-1ef8-461e-8d76-bbf1d13508e3','&vs;');
INSERT INTO pos_word VALUES('1000000','3d69d1ae-4d02-4277-a032-ac9fe8996d9d');
INSERT INTO gloss_word VALUES('1000000','e2eb77ab-6dd4-414d-8e02-01b09989fcbb');
INSERT INTO pos_word VALUES('1000010','90c288b3-940e-47d3-9f9b-b92577ba56eb');
INSERT INTO gloss_word VALUES('1000010','2b60c147-18cb-45ea-bb02-4f03956a9601');
INSERT INTO pos_word VALUES('1000020','920935f7-d687-456e-b23e-6ac8cd513409');
INSERT INTO gloss_word VALUES('1000020','4426937c-d66b-4191-9ee1-06432efdb482');
INSERT INTO pos_word VALUES('1000030','29777c83-957e-46e7-a16d-3bca522def43');
INSERT INTO gloss_word VALUES('1000030','c87aa1d9-ecf1-464e-943b-021ea8b1b29a');
INSERT INTO pos_word VALUES('1000040','d8f680ca-1306-4143-b06f-a4e5bb6616a8');
INSERT INTO gloss_word VALUES('1000040','163644f1-ec7f-42ed-a3ad-e2362fb2f8ec');
INSERT INTO pos_word VALUES('1000050','47a748e4-27ad-4cba-b2fb-1d052ec15520');
INSERT INTO gloss_word VALUES('1000050','71e33f4b-bf15-46e3-96ff-09fbec0a5e66');
INSERT INTO pos_word VALUES('1000060','c54487d4-85bc-4ce0-bbb6-b47f46da5ae1');
INSERT INTO gloss_word VALUES('1000060','b48bccd8-668b-47e6-a37a-b2937922c9c1');
INSERT INTO pos_word VALUES('1000080','510fca2f-a774-41de-8287-1eb7e89460d5');
INSERT INTO gloss_word VALUES('1000080','7d9cef78-5d73-40cb-821d-8435d478d618');
INSERT INTO pos_word VALUES('1000090','a87e6409-b15c-4a47-8d89-b95538e0c796');
INSERT INTO gloss_word VALUES('1000090','6c6a2882-b87a-458f-88e2-f8e5e59e3b2f');
INSERT INTO pos_word VALUES('1000100','2f73098f-bee4-4466-b360-f9b0cfc767e0');
INSERT INTO gloss_word VALUES('1000100','6279c2b9-28c6-4338-9ddb-8a8a17043be1');
INSERT INTO pos_word VALUES('1000110','43c78044-759a-46e9-857c-ba79f09d1bce');
INSERT INTO gloss_word VALUES('1000110','1e0ddf2d-6855-4b0c-85f8-2d3916b12eb9');
INSERT INTO pos_word VALUES('1000130','d23c2178-3d19-4712-9999-897fc7756c16');
INSERT INTO gloss_word VALUES('1000130','8015acaf-fd72-453a-b0e2-ebddefd8a8d5');
INSERT INTO pos_word VALUES('1000140','781ed8ff-1880-40c3-9588-0ce5ae8e6ab3');
INSERT INTO gloss_word VALUES('1000140','f55e8b1b-098c-41cb-8031-072a62118da9');
INSERT INTO gloss_word VALUES('1000140','063c24f2-362f-4418-bebc-54cf0fd8c3b9');
INSERT INTO pos_word VALUES('1000150','89e36472-def0-4f72-9da3-5e2441146c6e');
INSERT INTO gloss_word VALUES('1000150','e6d0c468-8feb-4da4-b1b0-0bbf7bc4f5e9');
INSERT INTO pos_word VALUES('1000160','3b02b624-ae2a-447d-adfa-ea0f27464a24');
INSERT INTO gloss_word VALUES('1000160','37489f97-0a73-43db-a8ea-f21881f5f404');
INSERT INTO pos_word VALUES('1000170','c7c1796a-70b2-497c-9f93-80052274d0d4');
INSERT INTO gloss_word VALUES('1000170','77b22d05-a016-4e6d-922b-db5a633a70e6');
INSERT INTO gloss_word VALUES('1000170','a9d6a3fd-6b1a-4849-9f9f-af3ca210c302');
INSERT INTO pos_word VALUES('1000200','59f1555b-663e-4467-9431-5281c6a34187');
INSERT INTO pos_word VALUES('1000200','9ba4b4ce-c6f0-4d57-a6ee-9b18d9985d39');
INSERT INTO gloss_word VALUES('1000200','7bd0ee77-e809-45f3-ae5d-27375838cb5a');
INSERT INTO gloss_word VALUES('1000200','183e4a09-ff67-4ff6-8d83-7e5124fc9a3f');
INSERT INTO gloss_word VALUES('1000200','85bcaac1-283c-4b9c-918d-41b015bdf234');
INSERT INTO pos_word VALUES('1000210','1ff1e7d6-cbd1-44b4-90b7-f6fce8419ed5');
INSERT INTO gloss_word VALUES('1000210','8eedf6c3-f753-466d-a0a4-ddb17026de79');
INSERT INTO pos_word VALUES('1000220','bb9960c8-797f-4330-be8a-a5471087126d');
INSERT INTO gloss_word VALUES('1000220','0e65180c-e488-4dea-96b0-b5aff27778a4');
INSERT INTO gloss_word VALUES('1000220','858bc0fc-3c77-4e5f-bc10-e9f17efef786');
INSERT INTO gloss_word VALUES('1000220','ef27283e-cbc9-4b73-a723-fd4e153b7762');
INSERT INTO gloss_word VALUES('1000220','38617efa-b2ca-4284-a1e6-3a65a578820b');
INSERT INTO gloss_word VALUES('1000220','58d15d36-417c-40f5-8c12-28d17af4b5ea');
INSERT INTO gloss_word VALUES('1000220','367f8180-4942-4815-9926-b316405a3e24');
INSERT INTO gloss_word VALUES('1000220','4e4e3c58-a531-489b-8457-68a0672ba545');
INSERT INTO pos_word VALUES('1000225','60b436d4-d01e-4fdc-9ae4-0de616a961cd');
INSERT INTO pos_word VALUES('1000225','97ab9f40-8915-42f0-b42d-72f2167feb32');
INSERT INTO gloss_word VALUES('1000225','33dfbcc7-0cdd-4899-b91c-64c28b10a5e6');
INSERT INTO gloss_word VALUES('1000225','91e71d44-5334-43c9-b029-7ccab22fe84c');
INSERT INTO gloss_word VALUES('1000225','3ffc6d3b-4dc0-46bf-94b3-f6f0b0eb497f');
INSERT INTO gloss_word VALUES('1000225','a5fd0a8f-2e5b-44fc-b649-3d4fc650501d');
INSERT INTO gloss_word VALUES('1000225','2a1a3ea3-9223-4fe6-b5c2-ec407956e237');
INSERT INTO gloss_word VALUES('1000225','955754e0-03ee-4aa2-af61-da434c526713');
INSERT INTO gloss_word VALUES('1000225','0c4c4381-5d0b-471b-a446-d334a96b84e4');
INSERT INTO gloss_word VALUES('1000225','425650ec-1e57-4462-90fa-6ef61456233c');
INSERT INTO gloss_word VALUES('1000225','e09de17c-488e-4f9d-966e-1d8f5a93e4bf');
INSERT INTO pos_word VALUES('1000230','b1187028-7423-454d-a2c1-719490777e60');
INSERT INTO gloss_word VALUES('1000230','75e76665-b9f4-4bab-904d-36f6f5ef05ce');
INSERT INTO gloss_word VALUES('1000230','78ce56cf-d5bc-4c98-9187-082b3d8f4bd7');
INSERT INTO gloss_word VALUES('1000230','2d3bdb07-b929-45e1-9ff8-2547d37e9f51');
INSERT INTO pos_word VALUES('1000260','5814ea87-739c-4c8a-9deb-02c67764b2a9');
INSERT INTO gloss_word VALUES('1000260','a22346df-74df-44f0-ab4d-84a64b27350b');
INSERT INTO gloss_word VALUES('1000260','df554ed2-3dcb-47b2-a9e3-e2c1cf5274ae');
INSERT INTO gloss_word VALUES('1000260','81f9f287-f598-457c-a9da-b3a809fe6317');
INSERT INTO pos_word VALUES('1000280','36882878-3c90-40d2-8a62-06c8c19065d2');
INSERT INTO pos_word VALUES('1000280','652119b5-19a3-401a-bf9f-5e87c24c00ec');
INSERT INTO gloss_word VALUES('1000280','f7d61f9c-1bc4-47fd-b8d8-d8c46baccf32');
INSERT INTO pos_word VALUES('1000290','c8e048b9-5991-40b3-a438-faea8ebac3dc');
INSERT INTO gloss_word VALUES('1000290','5c165cef-25dd-4b00-8d74-6068ec892f2f');
INSERT INTO pos_word VALUES('1000300','9195aa32-fa0a-4a31-963f-b16ea372c7f3');
INSERT INTO pos_word VALUES('1000300','7b738f0e-51f1-4840-abdf-c714788f63f1');
INSERT INTO gloss_word VALUES('1000300','30d01779-7dd4-499e-92ef-1767ae29c452');
INSERT INTO gloss_word VALUES('1000300','2a7d661a-3f79-4a11-8fd9-568ce11774e2');
INSERT INTO gloss_word VALUES('1000300','80eac455-3f0f-4128-8ac6-89b13fc40ad3');
INSERT INTO pos_word VALUES('1000310','f498b0fe-f3dd-47aa-aaaa-57d2c9b4a527');
INSERT INTO gloss_word VALUES('1000310','4e41b014-de67-4fae-b2b9-020de60e77e4');
INSERT INTO gloss_word VALUES('1000310','573613c5-dfce-418a-9231-637fd4555e18');
INSERT INTO pos_word VALUES('1000320','07e35b07-aa92-49c3-896b-5bfded99880e');
INSERT INTO gloss_word VALUES('1000320','876621ce-a667-4cef-8453-2876c1cfdd75');
INSERT INTO gloss_word VALUES('1000320','634ba1de-ab3c-4407-ab42-4300581dde35');
INSERT INTO gloss_word VALUES('1000320','035d3bfb-23ab-48e6-aeb7-2a001ae46505');
INSERT INTO gloss_word VALUES('1000320','7c9f365b-9bb3-4aff-a755-2c4085836bc2');
INSERT INTO gloss_word VALUES('1000320','54d0d132-cbd4-496a-81c1-45ebdf69d632');
INSERT INTO pos_word VALUES('1000360','a1d0317c-7c9f-4e83-9a2d-a03f3c5a695b');
INSERT INTO pos_word VALUES('1000360','3463a3c8-3e69-4ee1-91b1-e743c6a75857');
INSERT INTO pos_word VALUES('1000360','5227e0bf-e13c-403e-bba8-52ef4b6ef6bb');
INSERT INTO gloss_word VALUES('1000360','2ec90363-ec2d-498a-9f68-0720915c8d49');
INSERT INTO gloss_word VALUES('1000360','b61b551d-5ad7-430f-9e45-71dcdc0abcff');
INSERT INTO gloss_word VALUES('1000360','986b55d2-80c8-4621-a741-23e09e455373');
INSERT INTO gloss_word VALUES('1000360','ae491514-d927-4b60-b99f-3ccfa40c564b');
INSERT INTO pos_word VALUES('1000390','708c25c0-f4f1-4a14-a7e2-2ad2645019eb');
INSERT INTO pos_word VALUES('1000390','b121fdd6-a806-4648-b7f3-beeb8023be7b');
INSERT INTO gloss_word VALUES('1000390','aa8d30a9-e0a2-4269-8323-57e9ef461a04');
INSERT INTO gloss_word VALUES('1000390','ec98f188-f47a-44e2-9f30-20ba9cdd481c');
INSERT INTO gloss_word VALUES('1000390','52ae7e87-465c-433c-bfc2-7908c269525b');
INSERT INTO gloss_word VALUES('1000390','8258a55c-37ae-4c7c-9a22-aec7399e2cfb');
INSERT INTO pos_word VALUES('1000400','8d824cbc-956c-4a1b-95a2-6e7faa7ae3c2');
INSERT INTO pos_word VALUES('1000400','2e10607e-fae8-421f-be17-7c77dc5fcb8a');
INSERT INTO pos_word VALUES('1000400','76b0a4eb-06f1-477d-ac14-28bb34459d49');
INSERT INTO gloss_word VALUES('1000400','87aff497-0ad0-4ded-8c34-abdf588f5dea');
INSERT INTO pos_word VALUES('1000410','9b49b56d-2be0-40a6-83eb-3228c002e949');
INSERT INTO gloss_word VALUES('1000410','a341d97b-3c5b-4f7c-a316-17429739b7ad');
INSERT INTO gloss_word VALUES('1000410','6c91adb1-bf17-4e4e-99f6-0c069c30c686');
INSERT INTO pos_word VALUES('1000420','8b873688-bb72-4498-9089-2dabe3b9d950');
INSERT INTO gloss_word VALUES('1000420','5fb3ab5e-be94-4c2e-bd49-ae16603f1b06');
INSERT INTO pos_word VALUES('1000430','629c82ed-ea3c-4bb1-9709-2bb8c8147a45');
INSERT INTO gloss_word VALUES('1000430','471b8362-37ba-4f94-a66b-b86f569fca9f');
INSERT INTO gloss_word VALUES('1000430','0576331b-4fc0-4693-a062-de558de9c82f');
INSERT INTO gloss_word VALUES('1000430','b0827b91-33b8-4288-b594-b56134f5be47');
INSERT INTO gloss_word VALUES('1000430','4d0a18bf-3eba-4ae6-8215-2b45b213f913');
INSERT INTO pos_word VALUES('1000440','01f21c87-dbd9-4ba7-a707-f21c10d3de94');
INSERT INTO gloss_word VALUES('1000440','5c5ae0e4-cce8-4aac-9f54-c07dc778e5ba');
INSERT INTO gloss_word VALUES('1000440','7ac0c3db-995d-4f97-ad37-ad13abf6249d');
INSERT INTO gloss_word VALUES('1000440','0e921273-5873-4a57-a88c-af88b24805f0');
INSERT INTO pos_word VALUES('1000450','e2ddb6d4-fc80-47c0-8eee-2d6937381c6b');
INSERT INTO gloss_word VALUES('1000450','34acb103-7333-4ded-937b-f6cb5d9ce420');
INSERT INTO gloss_word VALUES('1000450','3b392299-ddd3-40a6-b552-7b8927ff2d68');
INSERT INTO gloss_word VALUES('1000450','0630feb2-f17c-495f-9002-a8d7501aff9a');
INSERT INTO gloss_word VALUES('1000450','bc6ed133-2849-4a8b-ae14-00be227fac71');
INSERT INTO pos_word VALUES('1000460','c3cdd5df-2e50-4fc8-950a-2bfbdd830199');
INSERT INTO pos_word VALUES('1000460','d3f29520-160e-4e6f-95d2-4a6a271610aa');
INSERT INTO gloss_word VALUES('1000460','89eaac80-14ed-4937-b724-ecf72a317fb2');
INSERT INTO gloss_word VALUES('1000460','d71c492a-2a7b-4da4-9ab8-f72923c26241');
INSERT INTO pos_word VALUES('1000470','24bdbe02-26ee-4828-9d6e-56ac98a04489');
INSERT INTO pos_word VALUES('1000470','dd5684e1-530f-45c9-a2cb-c5ab1d677264');
INSERT INTO pos_word VALUES('1000470','c124c936-fa5b-4bbf-81f3-ed704f047c5d');
INSERT INTO gloss_word VALUES('1000470','be237ff8-288a-4304-8543-a4b52e5bc61c');
INSERT INTO gloss_word VALUES('1000470','f0e64de0-1ec7-4d38-96bb-68e1027270d3');
INSERT INTO gloss_word VALUES('1000470','19247b4e-59a2-49d0-b3db-bd4efd7e4b33');
INSERT INTO gloss_word VALUES('1000470','2ad7e18d-c84d-46b1-bb20-7284c27a18ff');
INSERT INTO gloss_word VALUES('1000470','a049a0e5-b6f6-4516-a606-1d7f2258096f');
INSERT INTO pos_word VALUES('1000480','94c47251-403e-40a8-a9af-0c5f54f6d4d7');
INSERT INTO gloss_word VALUES('1000480','7aac8d50-96d1-4138-826c-570d9cf7f088');
INSERT INTO gloss_word VALUES('1000480','36928093-1f23-4b49-908a-4a41fe64ada6');
INSERT INTO gloss_word VALUES('1000480','a2e59f81-9f63-4037-94dc-131b0ae10cf6');
INSERT INTO pos_word VALUES('1000490','971f6ec0-47c3-4165-b410-2f82040c9c8b');
INSERT INTO gloss_word VALUES('1000490','7b77cedc-40f2-482a-a868-89ca5bf81b92');
INSERT INTO gloss_word VALUES('1000490','e7dd1233-364a-4837-a3a8-de1238ac0270');
INSERT INTO pos_word VALUES('1000500','bc9ec080-1001-44c3-9dbf-65c383305599');
INSERT INTO pos_word VALUES('1000500','ac0cd8b2-fa3b-4a7c-aac4-3cc11549df04');
INSERT INTO gloss_word VALUES('1000500','f9ffa023-bc0c-436a-b44c-de9a1b7535c5');
INSERT INTO gloss_word VALUES('1000500','3ede6f78-7938-48b2-bba4-1e74df72d78a');
INSERT INTO gloss_word VALUES('1000500','7da3ca33-f060-470a-b93a-a91c52e14b63');
INSERT INTO gloss_word VALUES('1000500','4bf2950c-fae1-4553-b22d-a379d00f146d');
INSERT INTO gloss_word VALUES('1000500','76c98c31-57cc-4b22-b7e0-1328aa0fa7a3');
INSERT INTO gloss_word VALUES('1000500','0b74d8ad-c8af-4282-be03-c751df9b863d');
INSERT INTO gloss_word VALUES('1000500','6e30b435-1b4b-4551-9cb8-491955aa52f7');
INSERT INTO gloss_word VALUES('1000500','5818a281-f40d-442f-906a-c86568d81b13');
INSERT INTO pos_word VALUES('1000510','649e50de-0b3f-493f-967e-9ed9f077a104');
INSERT INTO pos_word VALUES('1000510','8269f095-0119-4dd1-bdd8-7c574c0ab21e');
INSERT INTO gloss_word VALUES('1000510','0c9f2a7f-b732-4ea4-95e2-3324c6ab1a13');
INSERT INTO gloss_word VALUES('1000510','c8463043-ea73-460d-bd47-8d8d5f2e47a4');
INSERT INTO gloss_word VALUES('1000510','70ec62ab-2cd3-42f0-b2df-a19cf0977195');
INSERT INTO pos_word VALUES('1000520','9786454b-f776-4767-816c-08d30060b378');
INSERT INTO gloss_word VALUES('1000520','0d55672f-812c-4761-b9de-30300e9db0e6');
INSERT INTO gloss_word VALUES('1000520','c1b969fc-074f-4e43-b1f9-bc5fa9f9e0ea');
INSERT INTO pos_word VALUES('1000525','736f0212-212d-419c-8894-11886032efac');
INSERT INTO gloss_word VALUES('1000525','ac0d4ac7-e3ed-4266-ae2b-ede28a93d4d4');
INSERT INTO pos_word VALUES('1000580','2de3ebe7-d450-41a8-9d9b-d43818b833e0');
INSERT INTO gloss_word VALUES('1000580','296794db-b40b-4ebb-a4e9-1b67caa8306e');
INSERT INTO pos_word VALUES('1000590','22df2c66-fc8c-42c7-bdd1-60ecab147d25');
INSERT INTO gloss_word VALUES('1000590','b0ee1ed7-da97-4c0d-97d7-704c438729fd');
INSERT INTO gloss_word VALUES('1000590','f92839a0-2ffd-44ab-84e6-a739f6f87764');
INSERT INTO gloss_word VALUES('1000590','dbc8b35a-f85b-44e9-aad1-fb9802e8b902');
INSERT INTO gloss_word VALUES('1000590','ed208f7c-a2e4-4298-a74e-f2fd750119ad');
INSERT INTO pos_word VALUES('1000600','d871f294-7063-450a-877f-32c9091c944f');
INSERT INTO gloss_word VALUES('1000600','896df56d-1aef-44c2-8727-33620ceff050');
INSERT INTO gloss_word VALUES('1000600','3b49ed90-c901-4f71-9ec6-e6ef5b648fa5');
INSERT INTO pos_word VALUES('1000610','409ec163-8fcc-4a81-a584-d057a2badd76');
INSERT INTO gloss_word VALUES('1000610','08484f8c-b20a-498b-961c-93ad22fe3aca');
INSERT INTO pos_word VALUES('1000620','4b3b6426-fff4-4b6e-9aa4-8378e1e6246a');
INSERT INTO gloss_word VALUES('1000620','67a63898-0a68-4dc2-b89c-8243d46ae1d1');
INSERT INTO gloss_word VALUES('1000620','3b4f7b05-2917-4d57-903c-af38881c9b79');
INSERT INTO gloss_word VALUES('1000620','a629f9f3-0429-4f42-9726-df27c6008e3a');
INSERT INTO pos_word VALUES('1000630','5f554f84-fa16-4116-bfe4-a44846f99ab5');
INSERT INTO gloss_word VALUES('1000630','467ed800-9f52-45e0-aa7a-2267dd3512d4');
INSERT INTO gloss_word VALUES('1000630','e3484103-5370-4471-8e6b-b7431e092386');
INSERT INTO gloss_word VALUES('1000630','12101183-b351-461e-9c5e-7d8617e0657f');
INSERT INTO pos_word VALUES('1000640','5969b8c2-5ad8-4c8a-baca-6271b3adde57');
INSERT INTO pos_word VALUES('1000640','d5cdf0bc-3fc3-4285-9713-afaa5292cb82');
INSERT INTO gloss_word VALUES('1000640','69f5cdca-de64-4dd3-8839-680aef3249bb');
INSERT INTO gloss_word VALUES('1000640','e8d8716a-d089-491e-ac9f-499206072a2a');
INSERT INTO gloss_word VALUES('1000640','4f182430-b986-4207-8832-3a93f640a27e');
INSERT INTO gloss_word VALUES('1000640','59f21416-7751-445b-b07c-9bb1d8f6e7ec');
INSERT INTO pos_word VALUES('1000650','675d4336-2cde-49dd-8c1f-8d38444d7557');
INSERT INTO gloss_word VALUES('1000650','43a30226-e684-49ca-a5eb-87cc59b8bf01');
INSERT INTO gloss_word VALUES('1000650','b27a8ad5-849d-4e45-97a3-7ef13e864e84');
INSERT INTO pos_word VALUES('1000660','13f892f2-ec74-4bc6-a003-19e259e56575');
INSERT INTO pos_word VALUES('1000660','bbdc7c5f-bc72-49df-a82b-63a8094439ea');
INSERT INTO gloss_word VALUES('1000660','dc1687e3-38d0-49c9-a8bf-08aca3ada1cb');
INSERT INTO gloss_word VALUES('1000660','19e15598-0319-425e-a2fa-b948a3537a4f');
INSERT INTO gloss_word VALUES('1000660','77eceb95-8b9c-491d-9d19-50af0678e70f');
INSERT INTO pos_word VALUES('1000710','123734eb-657f-4dff-bb58-6f64f3cfcd42');
INSERT INTO pos_word VALUES('1000710','39b714c6-489b-4a70-81cf-191ef7fa7b35');
INSERT INTO gloss_word VALUES('1000710','42355cea-9617-45ed-b859-0d0b4bed4558');
INSERT INTO gloss_word VALUES('1000710','689074ab-c6b1-4092-88b9-47fb31a911df');
INSERT INTO gloss_word VALUES('1000710','ccd73830-e4cc-4d2d-96e8-aa4570c12de4');
INSERT INTO pos_word VALUES('1000730','79a18d1c-776a-48b5-9438-57ef44b4b4e0');
INSERT INTO gloss_word VALUES('1000730','57882f5f-3b12-4af2-9310-3ba7285adf0f');
INSERT INTO gloss_word VALUES('1000730','29e86293-c041-4db2-9c31-058ac77d72ff');
INSERT INTO gloss_word VALUES('1000730','ba88e545-c2a4-4c7e-be8c-cffb5d0a2159');
INSERT INTO pos_word VALUES('1000740','8ec15955-877c-43cf-89e2-bd06706aeef1');
INSERT INTO gloss_word VALUES('1000740','ecb16042-ab9d-4bef-8c81-77803505e2c0');
INSERT INTO gloss_word VALUES('1000740','699ec5ec-3d34-40d0-9986-2b3b4f6536bf');
INSERT INTO gloss_word VALUES('1000740','4e9f8cce-6e2c-4bbd-8f53-00b23e9d1726');
INSERT INTO pos_word VALUES('1000750','a25c2584-1dc7-4b97-83c7-43cb6ba7de54');
INSERT INTO pos_word VALUES('1000750','039e0ceb-35d1-4211-9fb0-315239ba1f23');
INSERT INTO gloss_word VALUES('1000750','506b214c-0e7a-42f8-86c6-23c85413e54e');
INSERT INTO gloss_word VALUES('1000750','a53cfbad-c447-439f-b0af-a9ed1f0fb9a6');
INSERT INTO gloss_word VALUES('1000750','351721fb-756e-44a4-b16c-ccd5b74c0acc');
INSERT INTO pos_word VALUES('1000760','13806174-4037-4fa2-b376-e2589e8af610');
INSERT INTO gloss_word VALUES('1000760','1583253b-8cdb-41cd-aa2a-6bd902575871');
INSERT INTO gloss_word VALUES('1000760','2750ea7b-2194-45c9-b3f2-aaa122e848c5');
INSERT INTO gloss_word VALUES('1000760','d1c5def4-6f93-48b6-bed5-1995d5a917eb');
INSERT INTO gloss_word VALUES('1000760','f12b6763-3c49-4a68-b558-78abdfa23e36');
INSERT INTO gloss_word VALUES('1000760','8f332cc4-ab9c-4c35-8411-35300ffc8f28');
INSERT INTO pos_word VALUES('1000770','0d1d6314-bdbf-4ce7-bf87-eac7c5ff0ecd');
INSERT INTO pos_word VALUES('1000770','891214b3-f9f4-4a15-a4fd-9ded5b04442c');
INSERT INTO pos_word VALUES('1000770','ad34f5ce-e656-454a-8809-a89a78eed0f2');
INSERT INTO gloss_word VALUES('1000770','2bdd804f-ec9b-49bf-b906-4f6639889794');
INSERT INTO gloss_word VALUES('1000770','e0ece4d3-a444-4734-bae6-b067a8b7791c');
INSERT INTO gloss_word VALUES('1000770','09248231-51e1-4c5c-953f-34bf3e663209');
INSERT INTO pos_word VALUES('1000780','19ecc252-65d1-47da-8946-6eea3737f0b7');
INSERT INTO pos_word VALUES('1000780','60e061fe-5a3b-4756-ab39-76ecde5ca328');
INSERT INTO gloss_word VALUES('1000780','c15828ec-af40-4556-bbb5-3f2a14b37f9c');
INSERT INTO gloss_word VALUES('1000780','e4600906-3529-413c-9d08-7005b61ddf87');
INSERT INTO gloss_word VALUES('1000780','0a87d861-ff2d-40be-a6e6-1c7b9768cad3');
INSERT INTO gloss_word VALUES('1000780','28204a7f-f561-4e26-b04e-e74164681d9b');
INSERT INTO pos_word VALUES('1000790','afc5a709-2f7b-42c9-a88d-aae277ee0854');
INSERT INTO gloss_word VALUES('1000790','29bc6b01-71ad-484c-9ea8-6d51db9de370');
INSERT INTO gloss_word VALUES('1000790','ee4b7347-1c1d-4be6-86e3-1804c636fbde');
INSERT INTO pos_word VALUES('1000800','3a57a1f9-8fc6-4928-9147-3ed1fbd28071');
INSERT INTO gloss_word VALUES('1000800','d933d6f4-83fa-4bb3-8acd-7a762d129219');
INSERT INTO gloss_word VALUES('1000800','91313e42-43f7-459b-ac7e-745595c6074d');
INSERT INTO gloss_word VALUES('1000800','1d3edd1e-d0e9-4194-b7d0-c444bdbfe664');
INSERT INTO gloss_word VALUES('1000800','a38399dc-e121-4797-aa0b-5814f564abb6');
INSERT INTO gloss_word VALUES('1000800','940129ce-3135-465e-8606-996bea5ea38a');
INSERT INTO pos_word VALUES('1000810','3535f99d-f1c0-44d4-b8b0-187a77fe2eb6');
INSERT INTO gloss_word VALUES('1000810','a1734205-d859-47bf-9dae-401de852a0b5');
INSERT INTO gloss_word VALUES('1000810','957c19c5-538b-4e5d-8864-fbeaa648aa15');
INSERT INTO gloss_word VALUES('1000810','3d4c9400-4df9-4d31-867f-bccf40492cbc');
INSERT INTO pos_word VALUES('1000820','ec8d384b-9e1a-4454-ba1e-dbb75cfaf30a');
INSERT INTO pos_word VALUES('1000820','28538938-5028-4c78-b87b-ac023ed76225');
INSERT INTO pos_word VALUES('1000820','e0c0eb92-2815-4e28-b30c-39f0c59b1e75');
INSERT INTO gloss_word VALUES('1000820','832d3dd3-68b5-4d70-8c4f-b81f273555b0');
INSERT INTO gloss_word VALUES('1000820','b3f908ce-ea0f-49f0-b167-3f3c8dfe95c3');
INSERT INTO pos_word VALUES('1000830','ee0004be-89dd-4196-8cee-fb9c7321d4ba');
INSERT INTO pos_word VALUES('1000830','74498f5c-4743-4da3-9036-2ec0811d4327');
INSERT INTO gloss_word VALUES('1000830','0c156055-16a2-4ba6-a3dc-889ce8b7fffe');
INSERT INTO gloss_word VALUES('1000830','90387413-db52-4bc6-a8b8-b625ed748573');
INSERT INTO pos_word VALUES('1000840','41460b88-86d8-48a6-a021-5188348b5a04');
INSERT INTO pos_word VALUES('1000840','07d87fba-c54a-4425-b768-65142fa22cda');
INSERT INTO gloss_word VALUES('1000840','83fddb2a-6f28-414c-a19b-c8bd7cb3eb52');
INSERT INTO gloss_word VALUES('1000840','ea1735fa-30a1-4faa-8b9f-72306b37c30d');
INSERT INTO pos_word VALUES('1000860','e56a3373-e485-402a-97e5-b8ad1a37c23f');
INSERT INTO gloss_word VALUES('1000860','299b523e-7513-4048-ade0-d2ff3cfa046d');
INSERT INTO pos_word VALUES('1000870','083d55fe-6bc7-477c-bf73-32fd79d6574e');
INSERT INTO gloss_word VALUES('1000870','32b7f670-eae8-4260-9ee7-e71b0604d2e1');
INSERT INTO pos_word VALUES('1000880','a5aae216-faa3-48ae-83c9-e84f27a7b0c4');
INSERT INTO gloss_word VALUES('1000880','be4368e3-cfca-4ef7-a351-dd8480a6155d');
INSERT INTO gloss_word VALUES('1000880','b6f85dc9-3fc9-4006-81a0-c2df3d80a73d');
INSERT INTO gloss_word VALUES('1000880','958181bf-8d74-4f9d-8f54-b466ba8dc52a');
INSERT INTO pos_word VALUES('1000885','752b8904-7d17-4f93-95e9-e220e9a95fab');
INSERT INTO pos_word VALUES('1000885','6cbffd17-0d51-495f-9d8b-d58210ca5885');
INSERT INTO gloss_word VALUES('1000885','febc4cff-19d8-4756-8fef-7dd3cc051630');
INSERT INTO pos_word VALUES('1000890','05bb5b93-6e95-4883-be40-9c24c4f432d8');
INSERT INTO gloss_word VALUES('1000890','0d3abd85-42db-4b52-8df4-7cc752a7b499');
INSERT INTO gloss_word VALUES('1000890','e2627a31-0d6c-4e78-bf1b-019a56a30a5a');
INSERT INTO gloss_word VALUES('1000890','ba6d8e38-0be4-4f71-be01-62125487f590');
INSERT INTO pos_word VALUES('1000900','642708c8-c4fc-4f1b-82df-b11a1922c60e');
INSERT INTO pos_word VALUES('1000900','a80a56b1-be32-43e8-a621-da0cfb81b418');
INSERT INTO gloss_word VALUES('1000900','cb987a0e-1b32-40b9-8e02-bc53ca7b2499');
INSERT INTO gloss_word VALUES('1000900','4fd20656-a41d-4995-8e23-eb51447a236b');
INSERT INTO pos_word VALUES('1000910','cdc99bbf-1549-4a7f-8811-054769a6769e');
INSERT INTO gloss_word VALUES('1000910','8c91544d-0cc4-4ae0-a9ae-4a562ed9cf4e');
INSERT INTO gloss_word VALUES('1000910','2eb14e88-86cd-4738-a833-5779726e9f0e');
INSERT INTO pos_word VALUES('1000920','9391d045-057a-4505-bbd0-dbde89e7e894');
INSERT INTO gloss_word VALUES('1000920','0a64ba88-6269-43ef-8c54-b5a0281708ec');
INSERT INTO gloss_word VALUES('1000920','64284319-8997-4c99-ad68-c244d79e58fb');
INSERT INTO gloss_word VALUES('1000920','bc159415-a917-4873-b571-0e08eb853c65');
INSERT INTO pos_word VALUES('1000930','1c262dfb-c4ca-457a-98d5-512d55d3449f');
INSERT INTO gloss_word VALUES('1000930','d07a8cc7-7dac-449d-86ae-4dad8e496762');
INSERT INTO pos_word VALUES('1000940','36fc525d-9ff3-42d6-8191-cf7c38bd826f');
INSERT INTO pos_word VALUES('1000940','5ae3440a-b4a3-49e9-96f7-156d067ab568');
INSERT INTO gloss_word VALUES('1000940','b968417d-e74e-40dd-95f1-fee2550ec03a');
INSERT INTO gloss_word VALUES('1000940','24684fee-8332-4ef5-b7db-fdd4d5b89221');
INSERT INTO gloss_word VALUES('1000940','aa1a67da-2535-430f-8109-8baf6b2feb1b');
INSERT INTO pos_word VALUES('1000960','a37dcf74-3683-4668-a4e1-ea5556d7c79d');
INSERT INTO pos_word VALUES('1000960','567a7237-4d3c-40f6-a078-fa5ec6aa29dd');
INSERT INTO pos_word VALUES('1000960','6411714f-b88c-4f24-ac75-a35bd7ef9106');
INSERT INTO gloss_word VALUES('1000960','fb6817cf-d340-4a7a-ba6c-e185268c1808');
INSERT INTO gloss_word VALUES('1000960','48879d02-bda3-47dd-9836-56e49de8b2d1');
INSERT INTO pos_word VALUES('1000970','a9ccd7c5-ce14-4fdf-b9cd-d88d697b53b7');
INSERT INTO pos_word VALUES('1000970','698f2ce5-f48e-4300-907c-97b25e7d95a6');
INSERT INTO pos_word VALUES('1000970','d0d2401a-ee88-44f1-83cb-ef3d387a4a88');
INSERT INTO gloss_word VALUES('1000970','93c08c3b-aba3-419d-b650-ea69bf63a706');
INSERT INTO gloss_word VALUES('1000970','7fab8f02-1efd-4dc9-8fbc-1f75e57b0c86');
INSERT INTO pos_word VALUES('1000980','f14996f6-8ff4-4ac3-9698-9979f84f6e2e');
INSERT INTO pos_word VALUES('1000980','cfd0c6ad-06d5-4d84-863d-ffe7dd922ba9');
INSERT INTO pos_word VALUES('1000980','e69a932d-aad9-4da7-9032-9b6002a2414d');
INSERT INTO gloss_word VALUES('1000980','f7f175eb-16cd-4e5f-915c-5f4f3739dbaf');
INSERT INTO gloss_word VALUES('1000980','81e46979-1c81-40de-b7f4-d43a50bbee45');
INSERT INTO gloss_word VALUES('1000980','b6e2b4e0-ecef-4afa-ad08-785ca740915c');
INSERT INTO gloss_word VALUES('1000980','50e52c0b-a320-4eb8-ad79-ee99028742bd');
INSERT INTO pos_word VALUES('1000990','1fed5dd9-2719-4874-828e-dd078d946bb8');
INSERT INTO gloss_word VALUES('1000990','70793c07-0d60-451c-abed-f7b0fbc6d967');
INSERT INTO gloss_word VALUES('1000990','ad463f18-6c7c-4e78-9de0-c393814b21f1');
INSERT INTO pos_word VALUES('1001000','f33ccfda-4b5a-4856-9cc8-30ffaddd0a70');
INSERT INTO pos_word VALUES('1001000','6dc4798c-74de-4e3f-9854-be5d3f35c371');
INSERT INTO gloss_word VALUES('1001000','0af0c116-2b70-4be5-a4b4-9a49cac776fa');
INSERT INTO gloss_word VALUES('1001000','9f323dea-4d73-4054-af33-0ba4fd04fb3e');
INSERT INTO pos_word VALUES('1001010','895970c1-0108-41b4-b11c-6812480ad170');
INSERT INTO pos_word VALUES('1001010','21326177-89c9-4858-afb0-4492427fe986');
INSERT INTO pos_word VALUES('1001010','6a5b722d-bed8-449e-859f-91d370394622');
INSERT INTO gloss_word VALUES('1001010','de43a72a-dbe0-48bc-ab60-e2004bbaca04');
INSERT INTO gloss_word VALUES('1001010','dfbb93a1-bce2-4580-af52-b0dcf721a048');
INSERT INTO gloss_word VALUES('1001010','67707152-b2dc-46b6-8390-f962edbe6af9');
INSERT INTO pos_word VALUES('1001030','62032fcf-388b-40e1-948f-c0e45d5beb8c');
INSERT INTO pos_word VALUES('1001030','73136190-4f74-4651-b2a3-a9fb266bf2ee');
INSERT INTO pos_word VALUES('1001030','9243ecc7-ae19-45f3-b17c-b41912adb164');
INSERT INTO gloss_word VALUES('1001030','36412579-412d-403f-a035-330f3035f6a8');
INSERT INTO gloss_word VALUES('1001030','b248d679-2209-4eb8-b53a-6411e7b71207');
INSERT INTO gloss_word VALUES('1001030','7d3761c1-21c4-4510-8e61-21d009843c81');
INSERT INTO pos_word VALUES('1001040','1cf126b7-429c-4363-aa8d-cdd7d609460c');
INSERT INTO pos_word VALUES('1001040','6f386930-6e21-4738-94b6-f1405de0181d');
INSERT INTO pos_word VALUES('1001040','4aa3d600-3d94-40af-993e-0aedb16d3fad');
INSERT INTO gloss_word VALUES('1001040','dbde6a71-f8f4-46ee-bbeb-605432df947c');
INSERT INTO gloss_word VALUES('1001040','1456dc0b-189f-43ab-ba76-50194836e495');
INSERT INTO gloss_word VALUES('1001040','4fdf84da-bbe6-4081-a8f8-518e3ebf12b0');
INSERT INTO gloss_word VALUES('1001040','6ae6ffb5-47cc-4a9c-aab7-365904e1d76f');
INSERT INTO gloss_word VALUES('1001040','1492fbc0-d6eb-4edb-b7dd-4714b09c0160');
INSERT INTO gloss_word VALUES('1001040','fe9a2faf-20f3-4b89-b8e5-07e2a4b118fb');
INSERT INTO gloss_word VALUES('1001040','f29d0ce9-056b-4f98-8a33-14bd14068b87');
INSERT INTO pos_word VALUES('1001050','68518812-3815-407f-b7c7-c13ff46c2ab2');
INSERT INTO gloss_word VALUES('1001050','e75a2dad-62cc-4c89-a924-df1b6d1bc9f5');
INSERT INTO gloss_word VALUES('1001050','255fbaa2-7bdc-4354-a41a-203f0bc77d81');
INSERT INTO gloss_word VALUES('1001050','8da9c89a-b2d0-43d0-a7ff-5da6504548de');
INSERT INTO pos_word VALUES('1001060','7d78639f-184c-4d71-9bd7-d1d1930f8080');
INSERT INTO pos_word VALUES('1001060','384aae23-373c-4729-85a6-a868c9157ec1');
INSERT INTO gloss_word VALUES('1001060','d10d3b4d-f68d-4617-83b2-ae6990e22c5b');
INSERT INTO gloss_word VALUES('1001060','eb9ba9ed-6948-41b5-8e75-371dd9512bae');
INSERT INTO gloss_word VALUES('1001060','8c6001b6-65db-4920-8ee4-19a232644ccd');
INSERT INTO pos_word VALUES('1001070','35c79540-4c3c-4bf6-9713-dc5a5c0dcb86');
INSERT INTO pos_word VALUES('1001070','407f6c94-9d7f-415b-b18b-60ce7e5d3d55');
INSERT INTO gloss_word VALUES('1001070','a4a54609-0eb1-41d8-b05e-b5adb21b6a74');
INSERT INTO gloss_word VALUES('1001070','70e49f3e-c3fe-49b4-9568-9e5fa7664005');
INSERT INTO pos_word VALUES('1001090','b1b5cf44-d8a8-4a2e-875a-f519dbbac791');
INSERT INTO gloss_word VALUES('1001090','8ea352b0-5429-4890-9aaa-723bb157b3a9');
INSERT INTO gloss_word VALUES('1001090','98fd36c8-8e7b-446e-be0b-f220b2aa79ca');
INSERT INTO gloss_word VALUES('1001090','b93193b2-3db5-405f-a55d-ff5d19e57def');
INSERT INTO pos_word VALUES('1001100','0a86e25f-a002-41be-8dcd-bb3e2cf48315');
INSERT INTO pos_word VALUES('1001100','fe33d34d-5a6b-4bc5-b317-a1f879870373');
INSERT INTO gloss_word VALUES('1001100','b8bd0bc6-6809-4f54-93e4-2625847182f1');
INSERT INTO gloss_word VALUES('1001100','9d5a6679-6574-4de6-ac20-2c2f0ce6299c');
INSERT INTO gloss_word VALUES('1001100','edabd583-623e-4fe9-95bf-4a324b249d04');
INSERT INTO pos_word VALUES('1001110','a2156ead-847e-429f-a9bb-45a4f2e153a7');
INSERT INTO pos_word VALUES('1001110','8fdf4e4a-3430-41e3-88dc-d272b31d01da');
INSERT INTO pos_word VALUES('1001110','dee3707f-108e-4781-bc37-915b65d94f08');
INSERT INTO gloss_word VALUES('1001110','06763dea-b4b8-4d61-adb3-09a31636482c');
INSERT INTO gloss_word VALUES('1001110','edc7a5c2-b55e-431e-9a8d-8e94e12f3cf4');
INSERT INTO gloss_word VALUES('1001110','7bda8fe8-3165-4846-bf43-116c78683e98');
INSERT INTO pos_word VALUES('1001120','3145b195-1305-4573-bbbc-c8d1a84ae557');
INSERT INTO pos_word VALUES('1001120','ee4b7d4f-3fe8-4f8a-be50-34e5260dab5b');
INSERT INTO gloss_word VALUES('1001120','a5610d71-35bc-4b62-bb8f-8656250951e8');
INSERT INTO gloss_word VALUES('1001120','4ae5c19f-9bcd-4d5f-85ef-156b04481e5a');
INSERT INTO gloss_word VALUES('1001120','340fc84a-f6da-486b-848e-407045e69425');
INSERT INTO pos_word VALUES('1001130','90402c5c-f8ad-47de-ba25-11d687e52485');
INSERT INTO gloss_word VALUES('1001130','d768988b-8a6b-4c6f-9091-704a6b3ef332');
INSERT INTO pos_word VALUES('1001140','82f0e993-81a0-4bfc-b5b8-ac94c4c2be0f');
INSERT INTO gloss_word VALUES('1001140','2d52e4cb-1a64-4686-890b-72e55a5e9618');
INSERT INTO gloss_word VALUES('1001140','ca697e53-6db0-4d4c-ba5a-f49924431a30');
INSERT INTO gloss_word VALUES('1001140','e485cbfb-bf3f-46ce-bfcf-f2b83806e681');
INSERT INTO pos_word VALUES('1001150','a9255afa-1951-46a0-b16e-82541598f0ab');
INSERT INTO gloss_word VALUES('1001150','6b7be0d1-dc6b-4e99-a229-a0ab3e55e8ec');
INSERT INTO gloss_word VALUES('1001150','ca3b5607-af41-4c5e-91db-0fde13aab09f');
INSERT INTO gloss_word VALUES('1001150','4c5bef49-6fd9-4c3e-94bf-869a10234e44');
INSERT INTO gloss_word VALUES('1001150','d5fd1f36-9a2f-4d7b-95f8-d60a6a588ce2');
INSERT INTO pos_word VALUES('1001160','0a774b6f-916d-4cee-aa02-0d17b21e4a61');
INSERT INTO gloss_word VALUES('1001160','d630be13-15ba-4cab-86c5-6a21904e774d');
INSERT INTO gloss_word VALUES('1001160','f89e060d-181b-4a6d-a907-aca7b1b32d25');
INSERT INTO gloss_word VALUES('1001160','8ec68ad3-a051-44dd-8bc7-bebb31b181ca');
INSERT INTO pos_word VALUES('1001170','65edbb25-d938-4327-ab82-025f77fe4a74');
INSERT INTO gloss_word VALUES('1001170','0a7abfe2-c4d7-4ca8-940a-87e73b349bf9');
INSERT INTO pos_word VALUES('1001180','b304aac0-e80d-402a-926f-e5ceac5b0c96');
INSERT INTO pos_word VALUES('1001180','070f370a-8dfc-4a0f-a225-480958716f51');
INSERT INTO gloss_word VALUES('1001180','76e2eefb-bfd0-453b-97da-6da489cb2bee');
INSERT INTO pos_word VALUES('1001190','84c7c7a1-fbd5-4152-ba41-3745b7908dc3');
INSERT INTO gloss_word VALUES('1001190','dea6c16a-aafd-4695-858e-79745662510c');
INSERT INTO pos_word VALUES('1001200','952be4e7-4dbc-451c-8eaa-b774de7f3c1f');
INSERT INTO gloss_word VALUES('1001200','8140f2df-6210-4a2a-b479-b27a1fc5b8c8');
INSERT INTO gloss_word VALUES('1001200','cf7fd305-256d-45fa-96be-89c3ba265ffc');
INSERT INTO gloss_word VALUES('1001200','164909c1-2b9b-46be-9900-cd2deca81eeb');
INSERT INTO pos_word VALUES('1001220','594f5671-04fa-4c6c-8629-c34a78a56d4b');
INSERT INTO gloss_word VALUES('1001220','91cd80bf-fe20-4fb8-b768-5e0d1a44a265');
INSERT INTO pos_word VALUES('1001230','13ce30ea-f533-4382-a81f-81d1ecd31ed7');
